"siteID","HOR.VER","xOffset","yOffset","zOffset","referenceLatitude","referenceLongitude"
"BART",1.501,0.06,3.05,-0.02,44.063847,-71.287478
"BART",1.502,0.06,3.05,-0.06,44.063847,-71.287478
"BART",1.503,0.06,3.05,-0.16,44.063847,-71.287478
"BART",1.504,0.06,3.05,-0.26,44.063847,-71.287478
"BART",1.505,0.06,3.05,-0.56,44.063847,-71.287478
"BART",1.506,0.06,3.05,-0.96,44.063847,-71.287478
"BART",1.507,0.06,3.05,-1.16,44.063847,-71.287478
"BART",1.508,0.06,3.05,-1.66,44.063847,-71.287478
"BART",1.509,0.06,3.05,-1.96,44.063847,-71.287478
"BART",2.501,0.12,3.15,-0.03,44.063989,-71.288006
"BART",2.502,0.12,3.15,-0.07,44.063989,-71.288006
"BART",2.503,0.12,3.15,-0.17,44.063989,-71.288006
"BART",2.504,0.12,3.15,-0.27,44.063989,-71.288006
"BART",2.505,0.12,3.15,-0.57,44.063989,-71.288006
"BART",2.506,0.12,3.15,-0.97,44.063989,-71.288006
"BART",2.507,0.12,3.15,-1.17,44.063989,-71.288006
"BART",2.508,0.12,3.15,-1.67,44.063989,-71.288006
"BART",2.509,0.12,3.15,-1.97,44.063989,-71.288006
"BART",3.501,3.05,2.52,-0.02,44.064089,-71.28855
"BART",3.502,3.05,2.52,-0.06,44.064089,-71.28855
"BART",3.503,3.05,2.52,-0.16,44.064089,-71.28855
"BART",3.504,3.05,2.52,-0.26,44.064089,-71.28855
"BART",3.505,3.05,2.52,-0.56,44.064089,-71.28855
"BART",3.506,3.05,2.52,-0.96,44.064089,-71.28855
"BART",3.507,3.05,2.52,-1.16,44.064089,-71.28855
"BART",3.508,3.05,2.52,-1.66,44.064089,-71.28855
"BART",3.509,3.05,2.52,-1.96,44.064089,-71.28855
"BART",4.501,4.87,2.88,-0.02,44.064475,-71.288414
"BART",4.502,4.87,2.88,-0.06,44.064475,-71.288414
"BART",4.503,4.87,2.88,-0.16,44.064475,-71.288414
"BART",4.504,4.87,2.88,-0.26,44.064475,-71.288414
"BART",4.505,4.87,2.88,-0.56,44.064475,-71.288414
"BART",4.506,4.87,2.88,-0.96,44.064475,-71.288414
"BART",4.507,4.87,2.88,-1.16,44.064475,-71.288414
"BART",4.508,4.87,2.88,-1.66,44.064475,-71.288414
"BART",4.509,4.87,2.88,-1.96,44.064475,-71.288414
"BART",5.501,4.85,3.19,-0.03,44.064292,-71.287839
"BART",5.502,4.85,3.19,-0.07,44.064292,-71.287839
"BART",5.503,4.85,3.19,-0.17,44.064292,-71.287839
"BART",5.504,4.85,3.19,-0.27,44.064292,-71.287839
"BART",5.505,4.85,3.19,-0.57,44.064292,-71.287839
"BART",5.506,4.85,3.19,-0.97,44.064292,-71.287839
"BART",5.507,4.85,3.19,-1.17,44.064292,-71.287839
"BART",5.508,4.85,3.19,-1.67,44.064292,-71.287839
"BART",5.509,4.85,3.19,-1.97,44.064292,-71.287839
"HARV",1.501,0.18,2.59,-0.02,42.536914,-72.173147
"HARV",1.502,0.18,2.59,-0.06,42.536914,-72.173147
"HARV",1.503,0.18,2.59,-0.16,42.536914,-72.173147
"HARV",1.504,0.18,2.59,-0.26,42.536914,-72.173147
"HARV",1.505,0.18,2.59,-0.36,42.536914,-72.173147
"HARV",1.506,0.18,2.59,-0.46,42.536914,-72.173147
"HARV",1.507,0.18,2.59,-0.56,42.536914,-72.173147
"HARV",1.508,0.18,2.59,-0.66,42.536914,-72.173147
"HARV",2.501,0.82,2.5,-0.02,42.537319,-72.173378
"HARV",2.502,0.82,2.5,-0.06,42.537319,-72.173378
"HARV",2.503,0.82,2.5,-0.16,42.537319,-72.173378
"HARV",2.504,0.82,2.5,-0.26,42.537319,-72.173378
"HARV",2.505,0.82,2.5,-0.36,42.537319,-72.173378
"HARV",2.506,0.82,2.5,-0.46,42.537319,-72.173378
"HARV",3.501,0.15,3.13,-0.02,42.537575,-72.1738
"HARV",3.502,0.15,3.13,-0.06,42.537575,-72.1738
"HARV",3.503,0.15,3.13,-0.16,42.537575,-72.1738
"HARV",3.504,0.15,3.13,-0.26,42.537575,-72.1738
"HARV",3.505,0.15,3.13,-0.36,42.537575,-72.1738
"HARV",3.506,0.15,3.13,-0.46,42.537575,-72.1738
"HARV",4.501,0.2,3.28,-0.02,42.538011,-72.174022
"HARV",4.502,0.2,3.28,-0.06,42.538011,-72.174022
"HARV",4.503,0.2,3.28,-0.16,42.538011,-72.174022
"HARV",4.504,0.2,3.28,-0.26,42.538011,-72.174022
"HARV",4.505,0.2,3.28,-0.36,42.538011,-72.174022
"HARV",4.506,0.2,3.28,-0.46,42.538011,-72.174022
"HARV",4.507,0.2,3.28,-0.56,42.538011,-72.174022
"HARV",5.501,0.53,2.41,-0.02,42.538092,-72.174644
"HARV",5.502,0.53,2.41,-0.06,42.538092,-72.174644
"HARV",5.503,0.53,2.41,-0.16,42.538092,-72.174644
"HARV",5.504,0.53,2.41,-0.26,42.538092,-72.174644
"HARV",5.505,0.53,2.41,-0.36,42.538092,-72.174644
"HARV",5.506,0.53,2.41,-0.46,42.538092,-72.174644
"HARV",5.507,0.53,2.41,-0.56,42.538092,-72.174644
"HARV",5.508,0.53,2.41,-0.66,42.538092,-72.174644
"BLAN",1.501,0.12,3.13,-0.03,39.060292,-78.071784
"BLAN",1.502,0.12,3.13,-0.07,39.060292,-78.071784
"BLAN",1.503,0.12,3.13,-0.17,39.060292,-78.071784
"BLAN",1.504,0.12,3.13,-0.27,39.060292,-78.071784
"BLAN",1.505,0.12,3.13,-0.37,39.060292,-78.071784
"BLAN",1.506,0.12,3.13,-0.67,39.060292,-78.071784
"BLAN",1.507,0.12,3.13,-1.07,39.060292,-78.071784
"BLAN",1.508,0.12,3.13,-1.47,39.060292,-78.071784
"BLAN",1.509,0.12,3.13,-1.97,39.060292,-78.071784
"BLAN",2.501,0.16,3.13,-0.02,39.060496,-78.072233
"BLAN",2.502,0.16,3.13,-0.06,39.060496,-78.072233
"BLAN",2.503,0.16,3.13,-0.16,39.060496,-78.072233
"BLAN",2.504,0.16,3.13,-0.26,39.060496,-78.072233
"BLAN",2.505,0.16,3.13,-0.36,39.060496,-78.072233
"BLAN",2.506,0.16,3.13,-0.66,39.060496,-78.072233
"BLAN",2.507,0.16,3.13,-1.06,39.060496,-78.072233
"BLAN",2.508,0.16,3.13,-1.46,39.060496,-78.072233
"BLAN",2.509,0.16,3.13,-1.96,39.060496,-78.072233
"BLAN",3.501,0.25,3.1,-0.01,39.060701,-78.072682
"BLAN",3.502,0.25,3.1,-0.05,39.060701,-78.072682
"BLAN",3.503,0.25,3.1,-0.15,39.060701,-78.072682
"BLAN",3.504,0.25,3.1,-0.25,39.060701,-78.072682
"BLAN",3.505,0.25,3.1,-0.35,39.060701,-78.072682
"BLAN",3.506,0.25,3.1,-0.65,39.060701,-78.072682
"BLAN",3.507,0.25,3.1,-1.05,39.060701,-78.072682
"BLAN",3.508,0.25,3.1,-1.45,39.060701,-78.072682
"BLAN",3.509,0.25,3.1,-1.95,39.060701,-78.072682
"BLAN",4.501,0.21,3.12,-0.01,39.060905,-78.073131
"BLAN",4.502,0.21,3.12,-0.05,39.060905,-78.073131
"BLAN",4.503,0.21,3.12,-0.15,39.060905,-78.073131
"BLAN",4.504,0.21,3.12,-0.25,39.060905,-78.073131
"BLAN",4.505,0.21,3.12,-0.35,39.060905,-78.073131
"BLAN",4.506,0.21,3.12,-0.65,39.060905,-78.073131
"BLAN",4.507,0.21,3.12,-1.05,39.060905,-78.073131
"BLAN",4.508,0.21,3.12,-1.45,39.060905,-78.073131
"BLAN",4.509,0.21,3.12,-1.95,39.060905,-78.073131
"BLAN",5.501,0.15,3.12,-0.01,39.060992,-78.073667
"BLAN",5.502,0.15,3.12,-0.05,39.060992,-78.073667
"BLAN",5.503,0.15,3.12,-0.15,39.060992,-78.073667
"BLAN",5.504,0.15,3.12,-0.25,39.060992,-78.073667
"BLAN",5.505,0.15,3.12,-0.35,39.060992,-78.073667
"BLAN",5.506,0.15,3.12,-0.65,39.060992,-78.073667
"BLAN",5.507,0.15,3.12,-1.05,39.060992,-78.073667
"BLAN",5.508,0.15,3.12,-1.45,39.060992,-78.073667
"BLAN",5.509,0.15,3.12,-1.95,39.060992,-78.073667
"SCBI",1.501,3.14,4.75,-0.02,38.892772,-78.139506
"SCBI",1.502,3.14,4.75,-0.06,38.892772,-78.139506
"SCBI",1.503,3.14,4.75,-0.16,38.892772,-78.139506
"SCBI",1.504,3.14,4.75,-0.26,38.892772,-78.139506
"SCBI",1.505,3.14,4.75,-0.46,38.892772,-78.139506
"SCBI",1.506,3.14,4.75,-0.86,38.892772,-78.139506
"SCBI",1.507,3.14,4.75,-1.26,38.892772,-78.139506
"SCBI",1.508,3.14,4.75,-1.66,38.892772,-78.139506
"SCBI",1.509,3.14,4.75,-1.96,38.892772,-78.139506
"SCBI",2.501,3.77,4.51,-0.02,38.892375,-78.139597
"SCBI",2.502,3.77,4.51,-0.06,38.892375,-78.139597
"SCBI",2.503,3.77,4.51,-0.16,38.892375,-78.139597
"SCBI",2.504,3.77,4.51,-0.26,38.892375,-78.139597
"SCBI",2.505,3.77,4.51,-0.46,38.892375,-78.139597
"SCBI",2.506,3.77,4.51,-0.86,38.892375,-78.139597
"SCBI",2.507,3.77,4.51,-1.26,38.892375,-78.139597
"SCBI",2.508,3.77,4.51,-1.66,38.892375,-78.139597
"SCBI",2.509,3.77,4.51,-1.96,38.892375,-78.139597
"SCBI",3.501,3.15,4.82,-0.02,38.891975,-78.139692
"SCBI",3.502,3.15,4.82,-0.06,38.891975,-78.139692
"SCBI",3.503,3.15,4.82,-0.16,38.891975,-78.139692
"SCBI",3.504,3.15,4.82,-0.26,38.891975,-78.139692
"SCBI",3.505,3.15,4.82,-0.46,38.891975,-78.139692
"SCBI",3.506,3.15,4.82,-0.86,38.891975,-78.139692
"SCBI",3.507,3.15,4.82,-1.26,38.891975,-78.139692
"SCBI",3.508,3.15,4.82,-1.66,38.891975,-78.139692
"SCBI",3.509,3.15,4.82,-1.96,38.891975,-78.139692
"SCBI",4.501,3.17,4.96,-0.02,38.891575,-78.139783
"SCBI",4.502,3.17,4.96,-0.06,38.891575,-78.139783
"SCBI",4.503,3.17,4.96,-0.16,38.891575,-78.139783
"SCBI",4.504,3.17,4.96,-0.26,38.891575,-78.139783
"SCBI",4.505,3.17,4.96,-0.46,38.891575,-78.139783
"SCBI",4.506,3.17,4.96,-0.86,38.891575,-78.139783
"SCBI",4.507,3.17,4.96,-1.26,38.891575,-78.139783
"SCBI",4.508,3.17,4.96,-1.66,38.891575,-78.139783
"SCBI",4.509,3.17,4.96,-1.96,38.891575,-78.139783
"SCBI",5.501,3.35,4.95,-0.02,38.891178,-78.139875
"SCBI",5.502,3.35,4.95,-0.06,38.891178,-78.139875
"SCBI",5.503,3.35,4.95,-0.16,38.891178,-78.139875
"SCBI",5.504,3.35,4.95,-0.26,38.891178,-78.139875
"SCBI",5.505,3.35,4.95,-0.46,38.891178,-78.139875
"SCBI",5.506,3.35,4.95,-0.86,38.891178,-78.139875
"SCBI",5.507,3.35,4.95,-1.26,38.891178,-78.139875
"SCBI",5.508,3.35,4.95,-1.66,38.891178,-78.139875
"SCBI",5.509,3.35,4.95,-1.96,38.891178,-78.139875
"SERC",1.501,0.17,3.15,-0.01,38.890036,-76.560194
"SERC",1.502,0.17,3.15,-0.05,38.890036,-76.560194
"SERC",1.503,0.17,3.15,-0.15,38.890036,-76.560194
"SERC",1.504,0.17,3.15,-0.25,38.890036,-76.560194
"SERC",1.505,0.17,3.15,-0.45,38.890036,-76.560194
"SERC",1.506,0.17,3.15,-0.65,38.890036,-76.560194
"SERC",1.507,0.17,3.15,-1.15,38.890036,-76.560194
"SERC",1.508,0.17,3.15,-1.65,38.890036,-76.560194
"SERC",1.509,0.17,3.15,-1.95,38.890036,-76.560194
"SERC",2.501,0.25,3.12,-0.02,38.890094,-76.560686
"SERC",2.502,0.25,3.12,-0.06,38.890094,-76.560686
"SERC",2.503,0.25,3.12,-0.16,38.890094,-76.560686
"SERC",2.504,0.25,3.12,-0.26,38.890094,-76.560686
"SERC",2.505,0.25,3.12,-0.46,38.890094,-76.560686
"SERC",2.506,0.25,3.12,-0.66,38.890094,-76.560686
"SERC",2.507,0.25,3.12,-1.16,38.890094,-76.560686
"SERC",2.508,0.25,3.12,-1.66,38.890094,-76.560686
"SERC",2.509,0.25,3.12,-1.96,38.890094,-76.560686
"SERC",3.501,0.23,3.04,-0.04,38.890381,-76.56095
"SERC",3.502,0.23,3.04,-0.08,38.890381,-76.56095
"SERC",3.503,0.23,3.04,-0.18,38.890381,-76.56095
"SERC",3.504,0.23,3.04,-0.28,38.890381,-76.56095
"SERC",3.505,0.23,3.04,-0.48,38.890381,-76.56095
"SERC",3.506,0.23,3.04,-0.68,38.890381,-76.56095
"SERC",3.507,0.23,3.04,-1.18,38.890381,-76.56095
"SERC",3.508,0.23,3.04,-1.68,38.890381,-76.56095
"SERC",3.509,0.23,3.04,-1.98,38.890381,-76.56095
"SERC",4.501,4.83,2.67,-0.02,38.890511,-76.560494
"SERC",4.502,4.83,2.67,-0.06,38.890511,-76.560494
"SERC",4.503,4.83,2.67,-0.16,38.890511,-76.560494
"SERC",4.504,4.83,2.67,-0.26,38.890511,-76.560494
"SERC",4.505,4.83,2.67,-0.46,38.890511,-76.560494
"SERC",4.506,4.83,2.67,-0.66,38.890511,-76.560494
"SERC",4.507,4.83,2.67,-1.16,38.890511,-76.560494
"SERC",4.508,4.83,2.67,-1.66,38.890511,-76.560494
"SERC",4.509,4.83,2.67,-1.96,38.890511,-76.560494
"SERC",5.501,4.79,2.58,-0.02,38.890408,-76.560006
"SERC",5.502,4.79,2.58,-0.06,38.890408,-76.560006
"SERC",5.503,4.79,2.58,-0.16,38.890408,-76.560006
"SERC",5.504,4.79,2.58,-0.26,38.890408,-76.560006
"SERC",5.505,4.79,2.58,-0.46,38.890408,-76.560006
"SERC",5.506,4.79,2.58,-0.66,38.890408,-76.560006
"SERC",5.507,4.79,2.58,-1.16,38.890408,-76.560006
"SERC",5.508,4.79,2.58,-1.66,38.890408,-76.560006
"SERC",5.509,4.79,2.58,-1.96,38.890408,-76.560006
"DSNY",1.501,3.17,0.12,-0.02,28.125035,-81.435892
"DSNY",1.502,3.17,0.12,-0.06,28.125035,-81.435892
"DSNY",1.503,3.17,0.12,-0.16,28.125035,-81.435892
"DSNY",1.504,3.17,0.12,-0.26,28.125035,-81.435892
"DSNY",1.505,3.17,0.12,-0.36,28.125035,-81.435892
"DSNY",1.506,3.17,0.12,-0.56,28.125035,-81.435892
"DSNY",1.507,3.17,0.12,-1.06,28.125035,-81.435892
"DSNY",1.508,3.17,0.12,-1.66,28.125035,-81.435892
"DSNY",1.509,3.17,0.12,-1.96,28.125035,-81.435892
"DSNY",2.501,2.82,0.02,-0.02,28.125079,-81.435437
"DSNY",2.502,2.82,0.02,-0.06,28.125079,-81.435437
"DSNY",2.503,2.82,0.02,-0.16,28.125079,-81.435437
"DSNY",2.504,2.82,0.02,-0.26,28.125079,-81.435437
"DSNY",2.505,2.82,0.02,-0.36,28.125079,-81.435437
"DSNY",2.506,2.82,0.02,-0.56,28.125079,-81.435437
"DSNY",2.507,2.82,0.02,-1.06,28.125079,-81.435437
"DSNY",2.508,2.82,0.02,-1.66,28.125079,-81.435437
"DSNY",2.509,2.82,0.02,-1.96,28.125079,-81.435437
"DSNY",3.501,3.12,0.15,-0.02,28.12512,-81.434982
"DSNY",3.502,3.12,0.15,-0.06,28.12512,-81.434982
"DSNY",3.503,3.12,0.15,-0.16,28.12512,-81.434982
"DSNY",3.504,3.12,0.15,-0.26,28.12512,-81.434982
"DSNY",3.505,3.12,0.15,-0.36,28.12512,-81.434982
"DSNY",3.506,3.12,0.15,-0.56,28.12512,-81.434982
"DSNY",3.507,3.12,0.15,-1.06,28.12512,-81.434982
"DSNY",3.508,3.12,0.15,-1.66,28.12512,-81.434982
"DSNY",3.509,3.12,0.15,-1.96,28.12512,-81.434982
"DSNY",4.501,3.48,0.03,-0.02,28.125167,-81.434527
"DSNY",4.502,3.48,0.03,-0.06,28.125167,-81.434527
"DSNY",4.503,3.48,0.03,-0.16,28.125167,-81.434527
"DSNY",4.504,3.48,0.03,-0.26,28.125167,-81.434527
"DSNY",4.505,3.48,0.03,-0.36,28.125167,-81.434527
"DSNY",4.506,3.48,0.03,-0.56,28.125167,-81.434527
"DSNY",4.507,3.48,0.03,-1.06,28.125167,-81.434527
"DSNY",4.508,3.48,0.03,-1.66,28.125167,-81.434527
"DSNY",4.509,3.48,0.03,-1.96,28.125167,-81.434527
"DSNY",5.501,2.88,0.14,-0.02,28.125211,-81.434071
"DSNY",5.502,2.88,0.14,-0.06,28.125211,-81.434071
"DSNY",5.503,2.88,0.14,-0.16,28.125211,-81.434071
"DSNY",5.504,2.88,0.14,-0.26,28.125211,-81.434071
"DSNY",5.505,2.88,0.14,-0.36,28.125211,-81.434071
"DSNY",5.506,2.88,0.14,-0.56,28.125211,-81.434071
"DSNY",5.507,2.88,0.14,-1.06,28.125211,-81.434071
"DSNY",5.508,2.88,0.14,-1.66,28.125211,-81.434071
"DSNY",5.509,2.88,0.14,-1.96,28.125211,-81.434071
"OSBS",1.501,2.98,0.15,-0.02,29.689376,-81.993242
"OSBS",1.502,2.98,0.15,-0.06,29.689376,-81.993242
"OSBS",1.503,2.98,0.15,-0.16,29.689376,-81.993242
"OSBS",1.504,2.98,0.15,-0.26,29.689376,-81.993242
"OSBS",1.505,2.98,0.15,-0.56,29.689376,-81.993242
"OSBS",1.506,2.98,0.15,-0.76,29.689376,-81.993242
"OSBS",1.507,2.98,0.15,-0.96,29.689376,-81.993242
"OSBS",1.508,2.98,0.15,-1.56,29.689376,-81.993242
"OSBS",1.509,2.98,0.15,-1.96,29.689376,-81.993242
"OSBS",2.501,3,0.17,-0.02,29.689478,-81.992954
"OSBS",2.502,3,0.17,-0.06,29.689478,-81.992954
"OSBS",2.503,3,0.17,-0.16,29.689478,-81.992954
"OSBS",2.504,3,0.17,-0.26,29.689478,-81.992954
"OSBS",2.505,3,0.17,-0.56,29.689478,-81.992954
"OSBS",2.506,3,0.17,-0.76,29.689478,-81.992954
"OSBS",2.507,3,0.17,-0.96,29.689478,-81.992954
"OSBS",2.508,3,0.17,-1.56,29.689478,-81.992954
"OSBS",2.509,3,0.17,-1.96,29.689478,-81.992954
"OSBS",3.501,2.97,0.15,-0.02,29.689581,-81.992666
"OSBS",3.502,2.97,0.15,-0.06,29.689581,-81.992666
"OSBS",3.503,2.97,0.15,-0.16,29.689581,-81.992666
"OSBS",3.504,2.97,0.15,-0.26,29.689581,-81.992666
"OSBS",3.505,2.97,0.15,-0.56,29.689581,-81.992666
"OSBS",3.506,2.97,0.15,-0.76,29.689581,-81.992666
"OSBS",3.507,2.97,0.15,-0.96,29.689581,-81.992666
"OSBS",3.508,2.97,0.15,-1.56,29.689581,-81.992666
"OSBS",3.509,2.97,0.15,-1.96,29.689581,-81.992666
"OSBS",4.501,3.1,0.18,-0.02,29.689683,-81.99238
"OSBS",4.502,3.1,0.18,-0.06,29.689683,-81.99238
"OSBS",4.503,3.1,0.18,-0.16,29.689683,-81.99238
"OSBS",4.504,3.1,0.18,-0.26,29.689683,-81.99238
"OSBS",4.505,3.1,0.18,-0.56,29.689683,-81.99238
"OSBS",4.506,3.1,0.18,-0.76,29.689683,-81.99238
"OSBS",4.507,3.1,0.18,-0.96,29.689683,-81.99238
"OSBS",4.508,3.1,0.18,-1.56,29.689683,-81.99238
"OSBS",4.509,3.1,0.18,-1.96,29.689683,-81.99238
"OSBS",5.501,2.98,0.14,-0.02,29.689785,-81.992093
"OSBS",5.502,2.98,0.14,-0.06,29.689785,-81.992093
"OSBS",5.503,2.98,0.14,-0.16,29.689785,-81.992093
"OSBS",5.504,2.98,0.14,-0.26,29.689785,-81.992093
"OSBS",5.505,2.98,0.14,-0.56,29.689785,-81.992093
"OSBS",5.506,2.98,0.14,-0.76,29.689785,-81.992093
"OSBS",5.507,2.98,0.14,-0.96,29.689785,-81.992093
"OSBS",5.508,2.98,0.14,-1.56,29.689785,-81.992093
"OSBS",5.509,2.98,0.14,-1.96,29.689785,-81.992093
"STEI",1.501,3.1,0.14,-0.01,45.508803,-89.586554
"STEI",1.502,3.1,0.14,-0.05,45.508803,-89.586554
"STEI",1.503,3.1,0.14,-0.15,45.508803,-89.586554
"STEI",1.504,3.1,0.14,-0.25,45.508803,-89.586554
"STEI",1.505,3.1,0.14,-0.45,45.508803,-89.586554
"STEI",1.506,3.1,0.14,-0.65,45.508803,-89.586554
"STEI",1.507,3.1,0.14,-0.95,45.508803,-89.586554
"STEI",1.508,3.1,0.14,-1.25,45.508803,-89.586554
"STEI",1.509,3.1,0.14,-1.95,45.508803,-89.586554
"STEI",2.501,3.22,0.2,-0.02,45.508499,-89.58697
"STEI",2.502,3.22,0.2,-0.06,45.508499,-89.58697
"STEI",2.503,3.22,0.2,-0.16,45.508499,-89.58697
"STEI",2.504,3.22,0.2,-0.26,45.508499,-89.58697
"STEI",2.505,3.22,0.2,-0.46,45.508499,-89.58697
"STEI",2.506,3.22,0.2,-0.66,45.508499,-89.58697
"STEI",2.507,3.22,0.2,-0.96,45.508499,-89.58697
"STEI",2.508,3.22,0.2,-1.26,45.508499,-89.58697
"STEI",2.509,3.22,0.2,-1.96,45.508499,-89.58697
"STEI",3.501,2.43,0.63,-0.02,45.50828,-89.587455
"STEI",3.502,2.43,0.63,-0.06,45.50828,-89.587455
"STEI",3.503,2.43,0.63,-0.16,45.50828,-89.587455
"STEI",3.504,2.43,0.63,-0.26,45.50828,-89.587455
"STEI",3.505,2.43,0.63,-0.46,45.50828,-89.587455
"STEI",3.506,2.43,0.63,-0.66,45.50828,-89.587455
"STEI",3.507,2.43,0.63,-0.96,45.50828,-89.587455
"STEI",3.508,2.43,0.63,-1.26,45.50828,-89.587455
"STEI",3.509,2.43,0.63,-1.96,45.50828,-89.587455
"STEI",4.501,3.15,0.22,-0.03,45.508098,-89.58797
"STEI",4.502,3.15,0.22,-0.07,45.508098,-89.58797
"STEI",4.503,3.15,0.22,-0.17,45.508098,-89.58797
"STEI",4.504,3.15,0.22,-0.27,45.508098,-89.58797
"STEI",4.505,3.15,0.22,-0.47,45.508098,-89.58797
"STEI",4.506,3.15,0.22,-0.67,45.508098,-89.58797
"STEI",4.507,3.15,0.22,-0.97,45.508098,-89.58797
"STEI",4.508,3.15,0.22,-1.27,45.508098,-89.58797
"STEI",4.509,3.15,0.22,-1.97,45.508098,-89.58797
"STEI",5.501,2.94,2.52,-0.02,45.507916,-89.588485
"STEI",5.502,2.94,2.52,-0.06,45.507916,-89.588485
"STEI",5.503,2.94,2.52,-0.16,45.507916,-89.588485
"STEI",5.504,2.94,2.52,-0.26,45.507916,-89.588485
"STEI",5.505,2.94,2.52,-0.46,45.507916,-89.588485
"STEI",5.506,2.94,2.52,-0.66,45.507916,-89.588485
"STEI",5.507,2.94,2.52,-0.96,45.507916,-89.588485
"STEI",5.508,2.94,2.52,-1.26,45.507916,-89.588485
"STEI",5.509,2.94,2.52,-1.96,45.507916,-89.588485
"TREE",1.501,2.72,4.89,-0.01,45.493826,-89.586294
"TREE",1.501,2.72,4.89,0.02,45.493826,-89.586294
"TREE",1.502,2.72,4.89,-0.05,45.493826,-89.586294
"TREE",1.502,2.72,4.89,-0.02,45.493826,-89.586294
"TREE",1.503,2.72,4.89,-0.15,45.493826,-89.586294
"TREE",1.503,2.72,4.89,-0.12,45.493826,-89.586294
"TREE",1.504,2.72,4.89,-0.25,45.493826,-89.586294
"TREE",1.504,2.72,4.89,-0.22,45.493826,-89.586294
"TREE",1.505,2.72,4.89,-0.45,45.493826,-89.586294
"TREE",1.505,2.72,4.89,-0.42,45.493826,-89.586294
"TREE",1.506,2.72,4.89,-0.55,45.493826,-89.586294
"TREE",1.506,2.72,4.89,-0.52,45.493826,-89.586294
"TREE",1.507,2.72,4.89,-0.85,45.493826,-89.586294
"TREE",1.507,2.72,4.89,-0.82,45.493826,-89.586294
"TREE",1.508,2.72,4.89,-1.35,45.493826,-89.586294
"TREE",1.508,2.72,4.89,-1.32,45.493826,-89.586294
"TREE",1.509,2.72,4.89,-1.95,45.493826,-89.586294
"TREE",1.509,2.72,4.89,-1.92,45.493826,-89.586294
"TREE",2.501,3.04,0.21,-0.01,45.493399,-89.586434
"TREE",2.502,3.04,0.21,-0.05,45.493399,-89.586434
"TREE",2.503,3.04,0.21,-0.15,45.493399,-89.586434
"TREE",2.504,3.04,0.21,-0.25,45.493399,-89.586434
"TREE",2.505,3.04,0.21,-0.45,45.493399,-89.586434
"TREE",2.506,3.04,0.21,-0.55,45.493399,-89.586434
"TREE",2.507,3.04,0.21,-0.85,45.493399,-89.586434
"TREE",2.508,3.04,0.21,-1.35,45.493399,-89.586434
"TREE",2.509,3.04,0.21,-1.95,45.493399,-89.586434
"TREE",3.501,3.08,0.15,-0.01,45.493199,-89.586934
"TREE",3.502,3.08,0.15,-0.05,45.493199,-89.586934
"TREE",3.503,3.08,0.15,-0.15,45.493199,-89.586934
"TREE",3.504,3.08,0.15,-0.25,45.493199,-89.586934
"TREE",3.505,3.08,0.15,-0.45,45.493199,-89.586934
"TREE",3.506,3.08,0.15,-0.55,45.493199,-89.586934
"TREE",3.507,3.08,0.15,-0.85,45.493199,-89.586934
"TREE",3.508,3.08,0.15,-1.35,45.493199,-89.586934
"TREE",3.509,3.08,0.15,-1.95,45.493199,-89.586934
"TREE",4.501,3.13,0.21,-0.02,45.492998,-89.587434
"TREE",4.502,3.13,0.21,-0.06,45.492998,-89.587434
"TREE",4.503,3.13,0.21,-0.16,45.492998,-89.587434
"TREE",4.504,3.13,0.21,-0.26,45.492998,-89.587434
"TREE",4.505,3.13,0.21,-0.46,45.492998,-89.587434
"TREE",4.506,3.13,0.21,-0.56,45.492998,-89.587434
"TREE",4.507,3.13,0.21,-0.86,45.492998,-89.587434
"TREE",4.508,3.13,0.21,-1.36,45.492998,-89.587434
"TREE",4.509,3.13,0.21,-1.96,45.492998,-89.587434
"TREE",5.501,3.13,0.14,-0.02,45.492798,-89.587934
"TREE",5.502,3.13,0.14,-0.06,45.492798,-89.587934
"TREE",5.503,3.13,0.14,-0.16,45.492798,-89.587934
"TREE",5.504,3.13,0.14,-0.26,45.492798,-89.587934
"TREE",5.505,3.13,0.14,-0.46,45.492798,-89.587934
"TREE",5.506,3.13,0.14,-0.56,45.492798,-89.587934
"TREE",5.507,3.13,0.14,-0.86,45.492798,-89.587934
"TREE",5.508,3.13,0.14,-1.36,45.492798,-89.587934
"TREE",5.509,3.13,0.14,-1.96,45.492798,-89.587934
"UNDE",1.501,3.1,0.15,-0.02,46.23363,-89.537363
"UNDE",1.502,3.1,0.15,-0.06,46.23363,-89.537363
"UNDE",1.503,3.1,0.15,-0.16,46.23363,-89.537363
"UNDE",1.504,3.1,0.15,-0.26,46.23363,-89.537363
"UNDE",1.505,3.1,0.15,-0.36,46.23363,-89.537363
"UNDE",1.506,3.1,0.15,-0.56,46.23363,-89.537363
"UNDE",1.507,3.1,0.15,-0.86,46.23363,-89.537363
"UNDE",1.508,3.1,0.15,-1.26,46.23363,-89.537363
"UNDE",1.509,3.1,0.15,-1.96,46.23363,-89.537363
"UNDE",2.501,3.07,0.18,-0.02,46.233258,-89.537593
"UNDE",2.502,3.07,0.18,-0.06,46.233258,-89.537593
"UNDE",2.503,3.07,0.18,-0.16,46.233258,-89.537593
"UNDE",2.504,3.07,0.18,-0.26,46.233258,-89.537593
"UNDE",2.505,3.07,0.18,-0.36,46.233258,-89.537593
"UNDE",2.506,3.07,0.18,-0.56,46.233258,-89.537593
"UNDE",2.507,3.07,0.18,-0.86,46.233258,-89.537593
"UNDE",2.508,3.07,0.18,-1.26,46.233258,-89.537593
"UNDE",2.509,3.07,0.18,-1.96,46.233258,-89.537593
"UNDE",3.501,3.1,0.92,-0.02,46.232886,-89.537822
"UNDE",3.502,3.1,0.92,-0.06,46.232886,-89.537822
"UNDE",3.503,3.1,0.92,-0.16,46.232886,-89.537822
"UNDE",3.504,3.1,0.92,-0.26,46.232886,-89.537822
"UNDE",3.505,3.1,0.92,-0.36,46.232886,-89.537822
"UNDE",3.506,3.1,0.92,-0.56,46.232886,-89.537822
"UNDE",3.507,3.1,0.92,-0.86,46.232886,-89.537822
"UNDE",3.508,3.1,0.92,-1.26,46.232886,-89.537822
"UNDE",3.509,3.1,0.92,-1.96,46.232886,-89.537822
"UNDE",4.501,2.68,0.19,-0.02,46.232514,-89.538051
"UNDE",4.502,2.68,0.19,-0.06,46.232514,-89.538051
"UNDE",4.503,2.68,0.19,-0.16,46.232514,-89.538051
"UNDE",4.504,2.68,0.19,-0.26,46.232514,-89.538051
"UNDE",4.505,2.68,0.19,-0.36,46.232514,-89.538051
"UNDE",4.506,2.68,0.19,-0.56,46.232514,-89.538051
"UNDE",4.507,2.68,0.19,-0.86,46.232514,-89.538051
"UNDE",4.508,2.68,0.19,-1.26,46.232514,-89.538051
"UNDE",4.509,2.68,0.19,-1.46,46.232514,-89.538051
"UNDE",5.501,3.15,0.17,-0.02,46.232142,-89.538281
"UNDE",5.502,3.15,0.17,-0.06,46.232142,-89.538281
"UNDE",5.503,3.15,0.17,-0.16,46.232142,-89.538281
"UNDE",5.504,3.15,0.17,-0.26,46.232142,-89.538281
"UNDE",5.505,3.15,0.17,-0.36,46.232142,-89.538281
"UNDE",5.506,3.15,0.17,-0.56,46.232142,-89.538281
"UNDE",5.507,3.15,0.17,-0.86,46.232142,-89.538281
"UNDE",5.508,3.15,0.17,-1.26,46.232142,-89.538281
"UNDE",5.509,3.15,0.17,-1.96,46.232142,-89.538281
"KONA",1.501,0.11,3.1,-0.02,39.110179,-96.612868
"KONA",1.502,0.11,3.1,-0.06,39.110179,-96.612868
"KONA",1.503,0.11,3.1,-0.16,39.110179,-96.612868
"KONA",1.504,0.11,3.1,-0.26,39.110179,-96.612868
"KONA",1.505,0.11,3.1,-0.46,39.110179,-96.612868
"KONA",1.506,0.11,3.1,-0.76,39.110179,-96.612868
"KONA",1.507,0.11,3.1,-1.06,39.110179,-96.612868
"KONA",1.508,0.11,3.1,-1.36,39.110179,-96.612868
"KONA",1.509,0.11,3.1,-1.96,39.110179,-96.612868
"KONA",2.501,0.08,2.69,-0.03,39.109793,-96.612707
"KONA",2.502,0.08,2.69,-0.07,39.109793,-96.612707
"KONA",2.503,0.08,2.69,-0.17,39.109793,-96.612707
"KONA",2.504,0.08,2.69,-0.27,39.109793,-96.612707
"KONA",2.505,0.08,2.69,-0.47,39.109793,-96.612707
"KONA",2.506,0.08,2.69,-0.77,39.109793,-96.612707
"KONA",2.507,0.08,2.69,-1.07,39.109793,-96.612707
"KONA",2.508,0.08,2.69,-1.37,39.109793,-96.612707
"KONA",2.509,0.08,2.69,-1.97,39.109793,-96.612707
"KONA",3.501,0.2,2.64,-0.02,39.109408,-96.612545
"KONA",3.502,0.2,2.64,-0.06,39.109408,-96.612545
"KONA",3.503,0.2,2.64,-0.16,39.109408,-96.612545
"KONA",3.504,0.2,2.64,-0.26,39.109408,-96.612545
"KONA",3.505,0.2,2.64,-0.46,39.109408,-96.612545
"KONA",3.506,0.2,2.64,-0.76,39.109408,-96.612545
"KONA",3.507,0.2,2.64,-1.06,39.109408,-96.612545
"KONA",3.508,0.2,2.64,-1.36,39.109408,-96.612545
"KONA",3.509,0.2,2.64,-1.96,39.109408,-96.612545
"KONA",4.501,0.13,2.62,-0.03,39.109023,-96.612383
"KONA",4.502,0.13,2.62,-0.07,39.109023,-96.612383
"KONA",4.503,0.13,2.62,-0.17,39.109023,-96.612383
"KONA",4.504,0.13,2.62,-0.27,39.109023,-96.612383
"KONA",4.505,0.13,2.62,-0.47,39.109023,-96.612383
"KONA",4.506,0.13,2.62,-0.77,39.109023,-96.612383
"KONA",4.507,0.13,2.62,-1.07,39.109023,-96.612383
"KONA",4.508,0.13,2.62,-1.37,39.109023,-96.612383
"KONA",4.509,0.13,2.62,-1.97,39.109023,-96.612383
"KONA",5.501,0.13,2.75,-0.03,39.108638,-96.612221
"KONA",5.502,0.13,2.75,-0.07,39.108638,-96.612221
"KONA",5.503,0.13,2.75,-0.17,39.108638,-96.612221
"KONA",5.504,0.13,2.75,-0.27,39.108638,-96.612221
"KONA",5.505,0.13,2.75,-0.47,39.108638,-96.612221
"KONA",5.506,0.13,2.75,-0.77,39.108638,-96.612221
"KONA",5.507,0.13,2.75,-1.07,39.108638,-96.612221
"KONA",5.508,0.13,2.75,-1.37,39.108638,-96.612221
"KONA",5.509,0.13,2.75,-1.97,39.108638,-96.612221
"KONZ",1.501,3.15,4.86,-0.01,39.100565,-96.563084
"KONZ",1.502,3.15,4.86,-0.05,39.100565,-96.563084
"KONZ",1.503,3.15,4.86,-0.15,39.100565,-96.563084
"KONZ",1.504,3.15,4.86,-0.25,39.100565,-96.563084
"KONZ",1.505,3.15,4.86,-0.45,39.100565,-96.563084
"KONZ",1.506,3.15,4.86,-0.75,39.100565,-96.563084
"KONZ",1.507,3.15,4.86,-1.05,39.100565,-96.563084
"KONZ",1.508,3.15,4.86,-1.45,39.100565,-96.563084
"KONZ",1.509,3.15,4.86,-1.95,39.100565,-96.563084
"KONZ",2.501,3.14,4.89,-0.01,39.100055,-96.563152
"KONZ",2.502,3.14,4.89,-0.05,39.100055,-96.563152
"KONZ",2.503,3.14,4.89,-0.15,39.100055,-96.563152
"KONZ",2.504,3.14,4.89,-0.25,39.100055,-96.563152
"KONZ",2.505,3.14,4.89,-0.45,39.100055,-96.563152
"KONZ",2.506,3.14,4.89,-0.75,39.100055,-96.563152
"KONZ",2.507,3.14,4.89,-1.05,39.100055,-96.563152
"KONZ",2.508,3.14,4.89,-1.45,39.100055,-96.563152
"KONZ",2.509,3.14,4.89,-1.95,39.100055,-96.563152
"KONZ",3.501,3.17,2.49,-0.02,39.099544,-96.56322
"KONZ",3.502,3.17,2.49,-0.06,39.099544,-96.56322
"KONZ",3.503,3.17,2.49,-0.16,39.099544,-96.56322
"KONZ",3.504,3.17,2.49,-0.26,39.099544,-96.56322
"KONZ",3.505,3.17,2.49,-0.46,39.099544,-96.56322
"KONZ",3.506,3.17,2.49,-0.76,39.099544,-96.56322
"KONZ",3.507,3.17,2.49,-1.06,39.099544,-96.56322
"KONZ",3.508,3.17,2.49,-1.46,39.099544,-96.56322
"KONZ",3.509,3.17,2.49,-1.96,39.099544,-96.56322
"KONZ",4.501,2.91,4.5,-0.02,39.099033,-96.563288
"KONZ",4.502,2.91,4.5,-0.06,39.099033,-96.563288
"KONZ",4.503,2.91,4.5,-0.16,39.099033,-96.563288
"KONZ",4.504,2.91,4.5,-0.26,39.099033,-96.563288
"KONZ",4.505,2.91,4.5,-0.36,39.099033,-96.563288
"KONZ",4.506,2.91,4.5,-0.46,39.099033,-96.563288
"KONZ",4.507,2.91,4.5,-0.56,39.099033,-96.563288
"KONZ",4.508,2.91,4.5,-0.76,39.099033,-96.563288
"KONZ",4.509,2.91,4.5,-1.06,39.099033,-96.563288
"KONZ",5.501,2.85,4.4,-0.01,NA,NA
"KONZ",5.502,2.85,4.4,-0.05,NA,NA
"KONZ",5.503,2.85,4.4,-0.15,NA,NA
"KONZ",5.504,2.85,4.4,-0.25,NA,NA
"KONZ",5.505,2.85,4.4,-0.45,NA,NA
"KONZ",5.506,2.85,4.4,-0.75,NA,NA
"KONZ",5.507,2.85,4.4,-1.05,NA,NA
"KONZ",5.508,2.85,4.4,-1.45,NA,NA
"KONZ",5.509,2.85,4.4,-1.95,NA,NA
"GRSM",1.501,1.34,2.74,-0.02,35.688478,-83.501497
"GRSM",1.502,1.34,2.74,-0.06,35.688478,-83.501497
"GRSM",1.503,1.34,2.74,-0.16,35.688478,-83.501497
"GRSM",1.504,1.34,2.74,-0.26,35.688478,-83.501497
"GRSM",1.505,1.34,2.74,-0.36,35.688478,-83.501497
"GRSM",2.501,2.39,2.71,-0.03,35.688683,-83.502083
"GRSM",2.502,2.39,2.71,-0.07,35.688683,-83.502083
"GRSM",2.503,2.39,2.71,-0.17,35.688683,-83.502083
"GRSM",3.501,0.65,2.82,-0.03,35.689203,-83.502272
"GRSM",3.502,0.65,2.82,-0.07,35.689203,-83.502272
"GRSM",3.503,0.65,2.82,-0.17,35.689203,-83.502272
"GRSM",3.504,0.65,2.82,-0.27,35.689203,-83.502272
"GRSM",3.505,0.65,2.82,-0.37,35.689203,-83.502272
"GRSM",4.501,0.62,3.7,-0.03,35.689442,-83.502056
"GRSM",4.502,0.62,3.7,-0.07,35.689442,-83.502056
"GRSM",4.503,0.62,3.7,-0.17,35.689442,-83.502056
"GRSM",4.504,0.62,3.7,-0.27,35.689442,-83.502056
"GRSM",5.501,1.29,2.98,-0.01,35.6892,-83.50135
"GRSM",5.502,1.29,2.98,-0.07,35.6892,-83.50135
"GRSM",5.503,1.29,2.98,-0.17,35.6892,-83.50135
"GRSM",5.504,1.29,2.98,-0.27,35.6892,-83.50135
"GRSM",5.505,1.29,2.98,-0.37,35.6892,-83.50135
"GRSM",5.506,1.29,2.98,-0.47,35.6892,-83.50135
"MLBS",1.501,4.81,2.74,-0.02,37.378372,-80.525133
"MLBS",1.502,4.81,2.74,-0.06,37.378372,-80.525133
"MLBS",1.503,4.81,2.74,-0.16,37.378372,-80.525133
"MLBS",1.504,4.81,2.74,-0.26,37.378372,-80.525133
"MLBS",1.505,4.81,2.74,-0.36,37.378372,-80.525133
"MLBS",1.506,4.81,2.74,-0.46,37.378372,-80.525133
"MLBS",1.507,4.81,2.74,-0.66,37.378372,-80.525133
"MLBS",1.508,4.81,2.74,-0.86,37.378372,-80.525133
"MLBS",1.509,4.81,2.74,-1.06,37.378372,-80.525133
"MLBS",2.501,4.93,2.71,-0.03,37.378503,-80.525614
"MLBS",2.502,4.93,2.71,-0.07,37.378503,-80.525614
"MLBS",2.503,4.93,2.71,-0.17,37.378503,-80.525614
"MLBS",2.504,4.93,2.71,-0.27,37.378503,-80.525614
"MLBS",2.505,4.93,2.71,-0.47,37.378503,-80.525614
"MLBS",2.506,4.93,2.71,-0.67,37.378503,-80.525614
"MLBS",2.507,4.93,2.71,-0.87,37.378503,-80.525614
"MLBS",2.508,4.93,2.71,-1.17,37.378503,-80.525614
"MLBS",2.509,4.93,2.71,-1.47,37.378503,-80.525614
"MLBS",3.501,4.86,2.7,-0.02,37.378633,-80.526094
"MLBS",3.502,4.86,2.7,-0.06,37.378633,-80.526094
"MLBS",3.503,4.86,2.7,-0.16,37.378633,-80.526094
"MLBS",3.504,4.86,2.7,-0.26,37.378633,-80.526094
"MLBS",3.505,4.86,2.7,-0.36,37.378633,-80.526094
"MLBS",3.506,4.86,2.7,-0.46,37.378633,-80.526094
"MLBS",3.507,4.86,2.7,-0.66,37.378633,-80.526094
"MLBS",3.508,4.86,2.7,-0.86,37.378633,-80.526094
"MLBS",3.509,4.86,2.7,-0.96,37.378633,-80.526094
"MLBS",4.501,4.95,2.72,-0.01,37.378764,-80.526575
"MLBS",4.502,4.95,2.72,-0.05,37.378764,-80.526575
"MLBS",4.503,4.95,2.72,-0.15,37.378764,-80.526575
"MLBS",4.504,4.95,2.72,-0.25,37.378764,-80.526575
"MLBS",4.505,4.95,2.72,-0.35,37.378764,-80.526575
"MLBS",4.506,4.95,2.72,-0.45,37.378764,-80.526575
"MLBS",4.507,4.95,2.72,-0.55,37.378764,-80.526575
"MLBS",4.508,4.95,2.72,-0.65,37.378764,-80.526575
"MLBS",4.509,4.95,2.72,-0.75,37.378764,-80.526575
"MLBS",5.501,4.05,3.69,-0.02,37.378894,-80.527056
"MLBS",5.502,4.05,3.69,-0.06,37.378894,-80.527056
"MLBS",5.503,4.05,3.69,-0.16,37.378894,-80.527056
"MLBS",5.504,4.05,3.69,-0.26,37.378894,-80.527056
"MLBS",5.505,4.05,3.69,-0.36,37.378894,-80.527056
"MLBS",5.506,4.05,3.69,-0.46,37.378894,-80.527056
"MLBS",5.507,4.05,3.69,-0.56,37.378894,-80.527056
"ORNL",1.501,3.15,3.73,-0.01,35.964211,-84.28268
"ORNL",1.502,3.15,3.73,-0.05,35.964211,-84.28268
"ORNL",1.503,3.15,3.73,-0.15,35.964211,-84.28268
"ORNL",1.504,3.15,3.73,-0.25,35.964211,-84.28268
"ORNL",1.505,3.15,3.73,-0.55,35.964211,-84.28268
"ORNL",1.506,3.15,3.73,-0.85,35.964211,-84.28268
"ORNL",1.507,3.15,3.73,-1.25,35.964211,-84.28268
"ORNL",1.508,3.15,3.73,-1.65,35.964211,-84.28268
"ORNL",1.509,3.15,3.73,-1.95,35.964211,-84.28268
"ORNL",2.501,3.43,4.1,-0.02,35.964099,-84.28316
"ORNL",2.502,3.43,4.1,-0.06,35.964099,-84.28316
"ORNL",2.503,3.43,4.1,-0.16,35.964099,-84.28316
"ORNL",2.504,3.43,4.1,-0.26,35.964099,-84.28316
"ORNL",2.505,3.43,4.1,-0.56,35.964099,-84.28316
"ORNL",2.506,3.43,4.1,-0.86,35.964099,-84.28316
"ORNL",2.507,3.43,4.1,-1.26,35.964099,-84.28316
"ORNL",2.508,3.43,4.1,-1.66,35.964099,-84.28316
"ORNL",2.509,3.43,4.1,-1.96,35.964099,-84.28316
"ORNL",3.501,2.75,0.23,-0.01,35.963988,-84.283639
"ORNL",3.502,2.75,0.23,-0.05,35.963988,-84.283639
"ORNL",3.503,2.75,0.23,-0.15,35.963988,-84.283639
"ORNL",3.504,2.75,0.23,-0.25,35.963988,-84.283639
"ORNL",3.505,2.75,0.23,-0.55,35.963988,-84.283639
"ORNL",3.506,2.75,0.23,-0.85,35.963988,-84.283639
"ORNL",3.507,2.75,0.23,-1.25,35.963988,-84.283639
"ORNL",3.508,2.75,0.23,-1.65,35.963988,-84.283639
"ORNL",3.509,2.75,0.23,-1.95,35.963988,-84.283639
"ORNL",4.501,3.1,4.45,-0.02,35.963876,-84.284119
"ORNL",4.502,3.1,4.45,-0.06,35.963876,-84.284119
"ORNL",4.503,3.1,4.45,-0.16,35.963876,-84.284119
"ORNL",4.504,3.1,4.45,-0.26,35.963876,-84.284119
"ORNL",4.505,3.1,4.45,-0.56,35.963876,-84.284119
"ORNL",4.506,3.1,4.45,-0.86,35.963876,-84.284119
"ORNL",4.507,3.1,4.45,-1.26,35.963876,-84.284119
"ORNL",4.508,3.1,4.45,-1.66,35.963876,-84.284119
"ORNL",4.509,3.1,4.45,-1.96,35.963876,-84.284119
"ORNL",5.501,3.19,4.06,-0.01,35.963764,-84.284598
"ORNL",5.502,3.19,4.06,-0.05,35.963764,-84.284598
"ORNL",5.503,3.19,4.06,-0.15,35.963764,-84.284598
"ORNL",5.504,3.19,4.06,-0.25,35.963764,-84.284598
"ORNL",5.505,3.19,4.06,-0.55,35.963764,-84.284598
"ORNL",5.506,3.19,4.06,-0.85,35.963764,-84.284598
"ORNL",5.507,3.19,4.06,-1.25,35.963764,-84.284598
"ORNL",5.508,3.19,4.06,-1.65,35.963764,-84.284598
"ORNL",5.509,3.19,4.06,-1.95,35.963764,-84.284598
"DELA",1.501,3.02,4.9,-0.02,32.54177,-87.804284
"DELA",1.502,3.02,4.9,-0.06,32.54177,-87.804284
"DELA",1.503,3.02,4.9,-0.16,32.54177,-87.804284
"DELA",1.504,3.02,4.9,-0.26,32.54177,-87.804284
"DELA",1.505,3.02,4.9,-0.46,32.54177,-87.804284
"DELA",1.506,3.02,4.9,-0.66,32.54177,-87.804284
"DELA",1.507,3.02,4.9,-1.16,32.54177,-87.804284
"DELA",1.508,3.02,4.9,-1.66,32.54177,-87.804284
"DELA",1.509,3.02,4.9,-1.96,32.54177,-87.804284
"DELA",2.501,3.1,4.62,-0.02,32.541394,-87.804499
"DELA",2.502,3.1,4.62,-0.06,32.541394,-87.804499
"DELA",2.503,3.1,4.62,-0.16,32.541394,-87.804499
"DELA",2.504,3.1,4.62,-0.26,32.541394,-87.804499
"DELA",2.505,3.1,4.62,-0.46,32.541394,-87.804499
"DELA",2.506,3.1,4.62,-0.66,32.541394,-87.804499
"DELA",2.507,3.1,4.62,-1.16,32.541394,-87.804499
"DELA",2.508,3.1,4.62,-1.66,32.541394,-87.804499
"DELA",2.509,3.1,4.62,-1.96,32.541394,-87.804499
"DELA",3.501,2.79,4.04,-0.02,32.54119,-87.804913
"DELA",3.502,2.79,4.04,-0.06,32.54119,-87.804913
"DELA",3.503,2.79,4.04,-0.16,32.54119,-87.804913
"DELA",3.504,2.79,4.04,-0.26,32.54119,-87.804913
"DELA",3.505,2.79,4.04,-0.46,32.54119,-87.804913
"DELA",3.506,2.79,4.04,-0.66,32.54119,-87.804913
"DELA",3.507,2.79,4.04,-1.16,32.54119,-87.804913
"DELA",3.508,2.79,4.04,-1.66,32.54119,-87.804913
"DELA",3.509,2.79,4.04,-1.96,32.54119,-87.804913
"DELA",4.501,3.25,4.85,-0.02,32.540986,-87.805327
"DELA",4.502,3.25,4.85,-0.06,32.540986,-87.805327
"DELA",4.503,3.25,4.85,-0.16,32.540986,-87.805327
"DELA",4.504,3.25,4.85,-0.26,32.540986,-87.805327
"DELA",4.505,3.25,4.85,-0.46,32.540986,-87.805327
"DELA",4.506,3.25,4.85,-0.66,32.540986,-87.805327
"DELA",4.507,3.25,4.85,-1.16,32.540986,-87.805327
"DELA",4.508,3.25,4.85,-1.66,32.540986,-87.805327
"DELA",4.509,3.25,4.85,-1.96,32.540986,-87.805327
"DELA",5.501,3.28,4.93,-0.03,32.541013,-87.8059
"DELA",5.502,3.28,4.93,-0.07,32.541013,-87.8059
"DELA",5.503,3.28,4.93,-0.17,32.541013,-87.8059
"DELA",5.504,3.28,4.93,-0.27,32.541013,-87.8059
"DELA",5.505,3.28,4.93,-0.47,32.541013,-87.8059
"DELA",5.506,3.28,4.93,-0.67,32.541013,-87.8059
"DELA",5.507,3.28,4.93,-1.17,32.541013,-87.8059
"DELA",5.508,3.28,4.93,-1.67,32.541013,-87.8059
"DELA",5.509,3.28,4.93,-1.97,32.541013,-87.8059
"LENO",1.501,2.69,4.84,-0.02,31.85407,-88.1618
"LENO",1.502,2.69,4.84,-0.06,31.85407,-88.1618
"LENO",1.503,2.69,4.84,-0.16,31.85407,-88.1618
"LENO",1.504,2.69,4.84,-0.26,31.85407,-88.1618
"LENO",1.505,2.69,4.84,-0.36,31.85407,-88.1618
"LENO",1.506,2.69,4.84,-0.76,31.85407,-88.1618
"LENO",1.507,2.69,4.84,-1.26,31.85407,-88.1618
"LENO",1.508,2.69,4.84,-1.66,31.85407,-88.1618
"LENO",1.509,2.69,4.84,-1.96,31.85407,-88.1618
"LENO",2.501,2.71,4.84,-0.02,31.85449,-88.16177
"LENO",2.502,2.71,4.84,-0.06,31.85449,-88.16177
"LENO",2.503,2.71,4.84,-0.16,31.85449,-88.16177
"LENO",2.504,2.71,4.84,-0.26,31.85449,-88.16177
"LENO",2.505,2.71,4.84,-0.36,31.85449,-88.16177
"LENO",2.506,2.71,4.84,-0.76,31.85449,-88.16177
"LENO",2.507,2.71,4.84,-1.26,31.85449,-88.16177
"LENO",2.508,2.71,4.84,-1.66,31.85449,-88.16177
"LENO",2.509,2.71,4.84,-1.96,31.85449,-88.16177
"LENO",3.501,2.68,0.14,-0.02,31.85428,-88.16111
"LENO",3.502,2.68,0.14,-0.06,31.85428,-88.16111
"LENO",3.503,2.68,0.14,-0.16,31.85428,-88.16111
"LENO",3.504,2.68,0.14,-0.26,31.85428,-88.16111
"LENO",3.505,2.68,0.14,-0.36,31.85428,-88.16111
"LENO",3.506,2.68,0.14,-0.76,31.85428,-88.16111
"LENO",3.507,2.68,0.14,-1.26,31.85428,-88.16111
"LENO",3.508,2.68,0.14,-1.66,31.85428,-88.16111
"LENO",3.509,2.68,0.14,-1.96,31.85428,-88.16111
"LENO",4.501,2.63,4.83,-0.03,31.85475,-88.16134
"LENO",4.502,2.63,4.83,-0.07,31.85475,-88.16134
"LENO",4.503,2.63,4.83,-0.17,31.85475,-88.16134
"LENO",4.504,2.63,4.83,-0.27,31.85475,-88.16134
"LENO",4.505,2.63,4.83,-0.37,31.85475,-88.16134
"LENO",4.506,2.63,4.83,-0.77,31.85475,-88.16134
"LENO",4.507,2.63,4.83,-1.27,31.85475,-88.16134
"LENO",4.508,2.63,4.83,-1.67,31.85475,-88.16134
"LENO",4.509,2.63,4.83,-1.97,31.85475,-88.16134
"LENO",5.501,2.65,0.09,-0.03,31.85466,-88.16082
"LENO",5.502,2.65,0.09,-0.07,31.85466,-88.16082
"LENO",5.503,2.65,0.09,-0.17,31.85466,-88.16082
"LENO",5.504,2.65,0.09,-0.27,31.85466,-88.16082
"LENO",5.505,2.65,0.09,-0.37,31.85466,-88.16082
"LENO",5.506,2.65,0.09,-0.77,31.85466,-88.16082
"LENO",5.507,2.65,0.09,-1.27,31.85466,-88.16082
"LENO",5.508,2.65,0.09,-1.67,31.85466,-88.16082
"LENO",5.509,2.65,0.09,-1.97,31.85466,-88.16082
"TALL",1.501,0.52,2.85,-0.02,32.950615,-87.393305
"TALL",1.502,0.52,2.85,-0.06,32.950615,-87.393305
"TALL",1.503,0.52,2.85,-0.16,32.950615,-87.393305
"TALL",1.504,0.52,2.85,-0.26,32.950615,-87.393305
"TALL",1.505,0.52,2.85,-0.56,32.950615,-87.393305
"TALL",1.506,0.52,2.85,-0.86,32.950615,-87.393305
"TALL",1.507,0.52,2.85,-1.12,32.950615,-87.393305
"TALL",1.508,0.52,2.85,-1.56,32.950615,-87.393305
"TALL",1.509,0.52,2.85,-1.96,32.950615,-87.393305
"TALL",2.501,0.66,2.83,-0.02,32.950967,-87.393545
"TALL",2.502,0.66,2.83,-0.06,32.950967,-87.393545
"TALL",2.503,0.66,2.83,-0.16,32.950967,-87.393545
"TALL",2.504,0.66,2.83,-0.26,32.950967,-87.393545
"TALL",2.505,0.66,2.83,-0.56,32.950967,-87.393545
"TALL",2.506,0.66,2.83,-0.86,32.950967,-87.393545
"TALL",2.507,0.66,2.83,-1.12,32.950967,-87.393545
"TALL",2.508,0.66,2.83,-1.56,32.950967,-87.393545
"TALL",2.509,0.66,2.83,-1.96,32.950967,-87.393545
"TALL",3.501,0.15,3.15,-0.02,32.951319,-87.393785
"TALL",3.502,0.15,3.15,-0.06,32.951319,-87.393785
"TALL",3.503,0.15,3.15,-0.16,32.951319,-87.393785
"TALL",3.504,0.15,3.15,-0.26,32.951319,-87.393785
"TALL",3.505,0.15,3.15,-0.56,32.951319,-87.393785
"TALL",3.506,0.15,3.15,-0.86,32.951319,-87.393785
"TALL",3.507,0.15,3.15,-1.12,32.951319,-87.393785
"TALL",3.508,0.15,3.15,-1.56,32.951319,-87.393785
"TALL",3.509,0.15,3.15,-1.96,32.951319,-87.393785
"TALL",4.501,0.15,3.16,-0.02,32.951656,-87.394016
"TALL",4.502,0.15,3.16,-0.06,32.951656,-87.394016
"TALL",4.503,0.15,3.16,-0.16,32.951656,-87.394016
"TALL",4.504,0.15,3.16,-0.26,32.951656,-87.394016
"TALL",4.505,0.15,3.16,-0.56,32.951656,-87.394016
"TALL",4.506,0.15,3.16,-0.86,32.951656,-87.394016
"TALL",4.507,0.15,3.16,-1.12,32.951656,-87.394016
"TALL",4.508,0.15,3.16,-1.56,32.951656,-87.394016
"TALL",4.509,0.15,3.16,-1.96,32.951656,-87.394016
"TALL",5.501,0.18,3.14,-0.02,32.952022,-87.394265
"TALL",5.502,0.18,3.14,-0.06,32.952022,-87.394265
"TALL",5.503,0.18,3.14,-0.16,32.952022,-87.394265
"TALL",5.504,0.18,3.14,-0.26,32.952022,-87.394265
"TALL",5.505,0.18,3.14,-0.56,32.952022,-87.394265
"TALL",5.506,0.18,3.14,-0.86,32.952022,-87.394265
"TALL",5.507,0.18,3.14,-1.12,32.952022,-87.394265
"TALL",5.508,0.18,3.14,-1.56,32.952022,-87.394265
"TALL",5.509,0.18,3.14,-1.96,32.952022,-87.394265
"DCFS",1.501,3.65,2.8,-0.02,47.161701,-99.106723
"DCFS",1.502,3.65,2.8,-0.06,47.161701,-99.106723
"DCFS",1.503,3.65,2.8,-0.16,47.161701,-99.106723
"DCFS",1.504,3.65,2.8,-0.26,47.161701,-99.106723
"DCFS",1.505,3.65,2.8,-0.36,47.161701,-99.106723
"DCFS",1.506,3.65,2.8,-0.46,47.161701,-99.106723
"DCFS",1.507,3.65,2.8,-0.76,47.161701,-99.106723
"DCFS",1.508,3.65,2.8,-1.06,47.161701,-99.106723
"DCFS",1.509,3.65,2.8,-1.96,47.161701,-99.106723
"DCFS",2.501,2.13,2.88,-0.02,47.161874,-99.107026
"DCFS",2.502,2.13,2.88,-0.06,47.161874,-99.107026
"DCFS",2.503,2.13,2.88,-0.16,47.161874,-99.107026
"DCFS",2.504,2.13,2.88,-0.26,47.161874,-99.107026
"DCFS",2.505,2.13,2.88,-0.36,47.161874,-99.107026
"DCFS",2.506,2.13,2.88,-0.46,47.161874,-99.107026
"DCFS",2.507,2.13,2.88,-0.76,47.161874,-99.107026
"DCFS",2.508,2.13,2.88,-1.06,47.161874,-99.107026
"DCFS",2.509,2.13,2.88,-1.96,47.161874,-99.107026
"DCFS",3.501,0.13,3.1,-0.02,47.162047,-99.10733
"DCFS",3.502,0.13,3.1,-0.06,47.162047,-99.10733
"DCFS",3.503,0.13,3.1,-0.16,47.162047,-99.10733
"DCFS",3.504,0.13,3.1,-0.26,47.162047,-99.10733
"DCFS",3.505,0.13,3.1,-0.36,47.162047,-99.10733
"DCFS",3.506,0.13,3.1,-0.46,47.162047,-99.10733
"DCFS",3.507,0.13,3.1,-0.76,47.162047,-99.10733
"DCFS",3.508,0.13,3.1,-1.06,47.162047,-99.10733
"DCFS",3.509,0.13,3.1,-1.96,47.162047,-99.10733
"DCFS",4.501,0.15,3.2,-0.02,47.16222,-99.107633
"DCFS",4.502,0.15,3.2,-0.06,47.16222,-99.107633
"DCFS",4.503,0.15,3.2,-0.16,47.16222,-99.107633
"DCFS",4.504,0.15,3.2,-0.26,47.16222,-99.107633
"DCFS",4.505,0.15,3.2,-0.36,47.16222,-99.107633
"DCFS",4.506,0.15,3.2,-0.46,47.16222,-99.107633
"DCFS",4.507,0.15,3.2,-0.76,47.16222,-99.107633
"DCFS",4.508,0.15,3.2,-1.06,47.16222,-99.107633
"DCFS",4.509,0.15,3.2,-1.96,47.16222,-99.107633
"DCFS",5.501,0.22,3.12,-0.02,47.162394,-99.107937
"DCFS",5.502,0.22,3.12,-0.06,47.162394,-99.107937
"DCFS",5.503,0.22,3.12,-0.16,47.162394,-99.107937
"DCFS",5.504,0.22,3.12,-0.26,47.162394,-99.107937
"DCFS",5.505,0.22,3.12,-0.36,47.162394,-99.107937
"DCFS",5.506,0.22,3.12,-0.46,47.162394,-99.107937
"DCFS",5.507,0.22,3.12,-0.76,47.162394,-99.107937
"DCFS",5.508,0.22,3.12,-1.06,47.162394,-99.107937
"DCFS",5.509,0.22,3.12,-1.96,47.162394,-99.107937
"WOOD",1.501,4.9,2.75,-0.03,47.128284,-99.241472
"WOOD",1.502,4.9,2.75,-0.07,47.128284,-99.241472
"WOOD",1.503,4.9,2.75,-0.17,47.128284,-99.241472
"WOOD",1.504,4.9,2.75,-0.27,47.128284,-99.241472
"WOOD",1.505,4.9,2.75,-0.47,47.128284,-99.241472
"WOOD",1.506,4.9,2.75,-0.77,47.128284,-99.241472
"WOOD",1.507,4.9,2.75,-1.17,47.128284,-99.241472
"WOOD",1.508,4.9,2.75,-1.67,47.128284,-99.241472
"WOOD",1.509,4.9,2.75,-1.97,47.128284,-99.241472
"WOOD",2.501,4.89,2.77,-0.03,47.128333,-99.241862
"WOOD",2.502,4.89,2.77,-0.07,47.128333,-99.241862
"WOOD",2.503,4.89,2.77,-0.17,47.128333,-99.241862
"WOOD",2.504,4.89,2.77,-0.27,47.128333,-99.241862
"WOOD",2.505,4.89,2.77,-0.47,47.128333,-99.241862
"WOOD",2.506,4.89,2.77,-0.77,47.128333,-99.241862
"WOOD",2.507,4.89,2.77,-1.17,47.128333,-99.241862
"WOOD",2.508,4.89,2.77,-1.67,47.128333,-99.241862
"WOOD",2.509,4.89,2.77,-1.97,47.128333,-99.241862
"WOOD",3.501,4.8,2.67,-0.04,47.128376,-99.242252
"WOOD",3.502,4.8,2.67,-0.08,47.128376,-99.242252
"WOOD",3.503,4.8,2.67,-0.18,47.128376,-99.242252
"WOOD",3.504,4.8,2.67,-0.28,47.128376,-99.242252
"WOOD",3.505,4.8,2.67,-0.48,47.128376,-99.242252
"WOOD",3.506,4.8,2.67,-0.78,47.128376,-99.242252
"WOOD",3.507,4.8,2.67,-1.18,47.128376,-99.242252
"WOOD",3.508,4.8,2.67,-1.68,47.128376,-99.242252
"WOOD",3.509,4.8,2.67,-1.98,47.128376,-99.242252
"WOOD",4.501,4.82,2.72,-0.03,47.128422,-99.242641
"WOOD",4.502,4.82,2.72,-0.07,47.128422,-99.242641
"WOOD",4.503,4.82,2.72,-0.17,47.128422,-99.242641
"WOOD",4.504,4.82,2.72,-0.27,47.128422,-99.242641
"WOOD",4.505,4.82,2.72,-0.47,47.128422,-99.242641
"WOOD",4.506,4.82,2.72,-0.77,47.128422,-99.242641
"WOOD",4.507,4.82,2.72,-1.17,47.128422,-99.242641
"WOOD",4.508,4.82,2.72,-1.67,47.128422,-99.242641
"WOOD",4.509,4.82,2.72,-1.97,47.128422,-99.242641
"WOOD",5.501,4.89,2.64,-0.03,47.128468,-99.243031
"WOOD",5.502,4.89,2.64,-0.07,47.128468,-99.243031
"WOOD",5.503,4.89,2.64,-0.17,47.128468,-99.243031
"WOOD",5.504,4.89,2.64,-0.27,47.128468,-99.243031
"WOOD",5.505,4.89,2.64,-0.47,47.128468,-99.243031
"WOOD",5.506,4.89,2.64,-0.77,47.128468,-99.243031
"WOOD",5.507,4.89,2.64,-1.17,47.128468,-99.243031
"WOOD",5.508,4.89,2.64,-1.67,47.128468,-99.243031
"WOOD",5.509,4.89,2.64,-1.97,47.128468,-99.243031
"CPER",1.501,0.5,2.8,-0.02,NA,NA
"CPER",1.501,0.5,2.8,-0.02,40.81567,-104.74572
"CPER",1.502,0.5,2.8,-0.06,NA,NA
"CPER",1.502,0.5,2.8,-0.06,40.81567,-104.74572
"CPER",1.503,0.5,2.8,-0.16,NA,NA
"CPER",1.503,0.5,2.8,-0.16,40.81567,-104.74572
"CPER",1.504,0.5,2.8,-0.26,NA,NA
"CPER",1.504,0.5,2.8,-0.26,40.81567,-104.74572
"CPER",1.505,0.5,2.8,-0.46,NA,NA
"CPER",1.505,0.5,2.8,-0.46,40.81567,-104.74572
"CPER",1.506,0.5,2.8,-0.66,NA,NA
"CPER",1.506,0.5,2.8,-0.66,40.81567,-104.74572
"CPER",1.507,0.5,2.8,-1.06,NA,NA
"CPER",1.507,0.5,2.8,-1.06,40.81567,-104.74572
"CPER",1.508,0.5,2.8,-1.56,NA,NA
"CPER",1.508,0.5,2.8,-1.56,40.81567,-104.74572
"CPER",1.509,0.5,2.8,-1.96,NA,NA
"CPER",1.509,0.5,2.8,-1.96,40.81567,-104.74572
"CPER",2.501,0.27,2.5,-0.01,NA,NA
"CPER",2.501,0.27,2.5,-0.01,40.815892,-104.746013
"CPER",2.502,0.27,2.5,-0.05,NA,NA
"CPER",2.502,0.27,2.5,-0.05,40.815892,-104.746013
"CPER",2.503,0.27,2.5,-0.15,NA,NA
"CPER",2.503,0.27,2.5,-0.15,40.815892,-104.746013
"CPER",2.504,0.27,2.5,-0.25,NA,NA
"CPER",2.504,0.27,2.5,-0.25,40.815892,-104.746013
"CPER",2.505,0.27,2.5,-0.45,NA,NA
"CPER",2.505,0.27,2.5,-0.45,40.815892,-104.746013
"CPER",2.506,0.27,2.5,-0.65,NA,NA
"CPER",2.506,0.27,2.5,-0.65,40.815892,-104.746013
"CPER",2.507,0.27,2.5,-1.05,NA,NA
"CPER",2.507,0.27,2.5,-1.05,40.815892,-104.746013
"CPER",2.508,0.27,2.5,-1.55,NA,NA
"CPER",2.508,0.27,2.5,-1.55,40.815892,-104.746013
"CPER",2.509,0.27,2.5,-1.95,NA,NA
"CPER",2.509,0.27,2.5,-1.95,40.815892,-104.746013
"CPER",3.501,0.11,2.5,-0.02,NA,NA
"CPER",3.501,0.11,2.5,-0.02,40.81618,-104.74639
"CPER",3.502,0.11,2.5,-0.06,NA,NA
"CPER",3.502,0.11,2.5,-0.06,40.81618,-104.74639
"CPER",3.503,0.11,2.5,-0.16,NA,NA
"CPER",3.503,0.11,2.5,-0.16,40.81618,-104.74639
"CPER",3.504,0.11,2.5,-0.26,NA,NA
"CPER",3.504,0.11,2.5,-0.26,40.81618,-104.74639
"CPER",3.505,0.11,2.5,-0.46,NA,NA
"CPER",3.505,0.11,2.5,-0.46,40.81618,-104.74639
"CPER",3.506,0.11,2.5,-0.66,NA,NA
"CPER",3.506,0.11,2.5,-0.66,40.81618,-104.74639
"CPER",3.507,0.11,2.5,-1.06,NA,NA
"CPER",3.507,0.11,2.5,-1.06,40.81618,-104.74639
"CPER",3.508,0.11,2.5,-1.56,NA,NA
"CPER",3.508,0.11,2.5,-1.56,40.81618,-104.74639
"CPER",3.509,0.11,2.5,-1.96,NA,NA
"CPER",3.509,0.11,2.5,-1.96,40.81618,-104.74639
"CPER",4.501,0.15,2.5,-0.02,NA,NA
"CPER",4.501,0.15,2.5,-0.02,40.816433,-104.746723
"CPER",4.502,0.15,2.5,-0.06,NA,NA
"CPER",4.502,0.15,2.5,-0.06,40.816433,-104.746723
"CPER",4.503,0.15,2.5,-0.16,NA,NA
"CPER",4.503,0.15,2.5,-0.16,40.816433,-104.746723
"CPER",4.504,0.15,2.5,-0.26,NA,NA
"CPER",4.504,0.15,2.5,-0.26,40.816433,-104.746723
"CPER",4.505,0.15,2.5,-0.46,NA,NA
"CPER",4.505,0.15,2.5,-0.46,40.816433,-104.746723
"CPER",4.506,0.15,2.5,-0.66,NA,NA
"CPER",4.506,0.15,2.5,-0.66,40.816433,-104.746723
"CPER",4.507,0.15,2.5,-1.06,NA,NA
"CPER",4.507,0.15,2.5,-1.06,40.816433,-104.746723
"CPER",4.508,0.15,2.5,-1.56,NA,NA
"CPER",4.508,0.15,2.5,-1.56,40.816433,-104.746723
"CPER",4.509,0.15,2.5,-1.96,NA,NA
"CPER",4.509,0.15,2.5,-1.96,40.816433,-104.746723
"CPER",5.501,0.58,2.68,-0.03,NA,NA
"CPER",5.501,0.58,2.68,-0.03,40.81672,-104.7471
"CPER",5.502,0.58,2.68,-0.07,NA,NA
"CPER",5.502,0.58,2.68,-0.07,40.81672,-104.7471
"CPER",5.503,0.58,2.68,-0.17,NA,NA
"CPER",5.503,0.58,2.68,-0.17,40.81672,-104.7471
"CPER",5.504,0.58,2.68,-0.27,NA,NA
"CPER",5.504,0.58,2.68,-0.27,40.81672,-104.7471
"CPER",5.505,0.58,2.68,-0.47,NA,NA
"CPER",5.505,0.58,2.68,-0.47,40.81672,-104.7471
"CPER",5.506,0.58,2.68,-0.67,NA,NA
"CPER",5.506,0.58,2.68,-0.67,40.81672,-104.7471
"CPER",5.507,0.58,2.68,-1.07,NA,NA
"CPER",5.507,0.58,2.68,-1.07,40.81672,-104.7471
"CPER",5.508,0.58,2.68,-1.57,NA,NA
"CPER",5.508,0.58,2.68,-1.57,40.81672,-104.7471
"CPER",5.509,0.58,2.68,-1.97,NA,NA
"CPER",5.509,0.58,2.68,-1.97,40.81672,-104.7471
"RMNP",1.501,3.08,1.8,-0.02,40.275968,-105.545612
"RMNP",1.502,3.08,1.8,-0.06,40.275968,-105.545612
"RMNP",1.503,3.08,1.8,-0.16,40.275968,-105.545612
"RMNP",1.504,3.08,1.8,-0.26,40.275968,-105.545612
"RMNP",1.505,3.08,1.8,-0.36,40.275968,-105.545612
"RMNP",1.506,3.08,1.8,-0.46,40.275968,-105.545612
"RMNP",1.507,3.08,1.8,-0.56,40.275968,-105.545612
"RMNP",2.501,3.58,0.16,-0.02,40.276323,-105.545529
"RMNP",2.502,3.58,0.16,-0.06,40.276323,-105.545529
"RMNP",2.503,3.58,0.16,-0.16,40.276323,-105.545529
"RMNP",2.504,3.58,0.16,-0.26,40.276323,-105.545529
"RMNP",2.505,3.58,0.16,-0.46,40.276323,-105.545529
"RMNP",2.506,3.58,0.16,-0.76,40.276323,-105.545529
"RMNP",2.507,3.58,0.16,-1.06,40.276323,-105.545529
"RMNP",2.508,3.58,0.16,-1.56,40.276323,-105.545529
"RMNP",2.509,3.58,0.16,-1.86,40.276323,-105.545529
"RMNP",3.501,2.76,0.3,-0.01,40.276443,-105.545063
"RMNP",3.502,2.76,0.3,-0.05,40.276443,-105.545063
"RMNP",3.503,2.76,0.3,-0.15,40.276443,-105.545063
"RMNP",3.504,2.76,0.3,-0.25,40.276443,-105.545063
"RMNP",3.505,2.76,0.3,-0.35,40.276443,-105.545063
"RMNP",3.506,2.76,0.3,-0.45,40.276443,-105.545063
"RMNP",3.507,2.76,0.3,-0.55,40.276443,-105.545063
"RMNP",3.508,2.76,0.3,-0.75,40.276443,-105.545063
"RMNP",3.509,2.76,0.3,-0.95,40.276443,-105.545063
"RMNP",4.501,2.9,4.88,-0.02,40.276088,-105.545146
"RMNP",4.502,2.9,4.88,-0.06,40.276088,-105.545146
"RMNP",4.503,2.9,4.88,-0.16,40.276088,-105.545146
"RMNP",4.504,2.9,4.88,-0.26,40.276088,-105.545146
"RMNP",4.505,2.9,4.88,-0.36,40.276088,-105.545146
"RMNP",4.506,2.9,4.88,-0.46,40.276088,-105.545146
"RMNP",4.507,2.9,4.88,-0.56,40.276088,-105.545146
"RMNP",4.508,2.9,4.88,-0.66,40.276088,-105.545146
"RMNP",5.501,3.22,0.18,-0.02,40.275752,-105.545163
"RMNP",5.502,3.22,0.18,-0.06,40.275752,-105.545163
"RMNP",5.503,3.22,0.18,-0.16,40.275752,-105.545163
"RMNP",5.504,3.22,0.18,-0.26,40.275752,-105.545163
"RMNP",5.505,3.22,0.18,-0.36,40.275752,-105.545163
"RMNP",5.506,3.22,0.18,-0.46,40.275752,-105.545163
"RMNP",5.507,3.22,0.18,-0.56,40.275752,-105.545163
"RMNP",5.508,3.22,0.18,-0.66,40.275752,-105.545163
"RMNP",5.509,3.22,0.18,-0.86,40.275752,-105.545163
"STER",1.501,5.23,0.87,-0.02,40.46187,-103.02967
"STER",1.502,5.23,0.87,-0.06,40.46187,-103.02967
"STER",1.503,5.23,0.87,-0.16,40.46187,-103.02967
"STER",1.504,5.23,0.87,-0.26,40.46187,-103.02967
"STER",1.505,5.23,0.87,-0.46,40.46187,-103.02967
"STER",1.506,5.23,0.87,-0.86,40.46187,-103.02967
"STER",1.507,5.23,0.87,-1.06,40.46187,-103.02967
"STER",1.508,5.23,0.87,-1.36,40.46187,-103.02967
"STER",1.509,5.23,0.87,-1.96,40.46187,-103.02967
"STER",2.501,5.64,0.12,-0.01,40.46188,-103.03023
"STER",2.502,5.64,0.12,-0.05,40.46188,-103.03023
"STER",2.503,5.64,0.12,-0.15,40.46188,-103.03023
"STER",2.504,5.64,0.12,-0.25,40.46188,-103.03023
"STER",2.505,5.64,0.12,-0.45,40.46188,-103.03023
"STER",2.506,5.64,0.12,-0.85,40.46188,-103.03023
"STER",2.507,5.64,0.12,-1.05,40.46188,-103.03023
"STER",2.508,5.64,0.12,-1.35,40.46188,-103.03023
"STER",2.509,5.64,0.12,-1.95,40.46188,-103.03023
"STER",3.501,5.64,0.09,-0.02,40.46189,-103.03079
"STER",3.502,5.64,0.09,-0.06,40.46189,-103.03079
"STER",3.503,5.64,0.09,-0.16,40.46189,-103.03079
"STER",3.504,5.64,0.09,-0.26,40.46189,-103.03079
"STER",3.505,5.64,0.09,-0.46,40.46189,-103.03079
"STER",3.506,5.64,0.09,-0.86,40.46189,-103.03079
"STER",3.507,5.64,0.09,-1.06,40.46189,-103.03079
"STER",3.508,5.64,0.09,-1.36,40.46189,-103.03079
"STER",3.509,5.64,0.09,-1.96,40.46189,-103.03079
"STER",4.501,5.7,0.27,-0.03,40.46191,-103.03135
"STER",4.502,5.7,0.27,-0.07,40.46191,-103.03135
"STER",4.503,5.7,0.27,-0.17,40.46191,-103.03135
"STER",4.504,5.7,0.27,-0.27,40.46191,-103.03135
"STER",4.505,5.7,0.27,-0.47,40.46191,-103.03135
"STER",4.506,5.7,0.27,-0.87,40.46191,-103.03135
"STER",4.507,5.7,0.27,-1.07,40.46191,-103.03135
"STER",4.508,5.7,0.27,-1.37,40.46191,-103.03135
"STER",4.509,5.7,0.27,-1.97,40.46191,-103.03135
"STER",5.501,5.73,0.2,-0.03,40.46192,-103.03191
"STER",5.502,5.73,0.2,-0.07,40.46192,-103.03191
"STER",5.503,5.73,0.2,-0.17,40.46192,-103.03191
"STER",5.504,5.73,0.2,-0.27,40.46192,-103.03191
"STER",5.505,5.73,0.2,-0.47,40.46192,-103.03191
"STER",5.506,5.73,0.2,-0.87,40.46192,-103.03191
"STER",5.507,5.73,0.2,-1.07,40.46192,-103.03191
"STER",5.508,5.73,0.2,-1.37,40.46192,-103.03191
"STER",5.509,5.73,0.2,-1.97,40.46192,-103.03191
"CLBJ",1.501,4.8,3.2,-0.03,33.401027,-97.570027
"CLBJ",1.502,4.8,3.2,-0.07,33.401027,-97.570027
"CLBJ",1.503,4.8,3.2,-0.17,33.401027,-97.570027
"CLBJ",1.504,4.8,3.2,-0.27,33.401027,-97.570027
"CLBJ",1.505,4.8,3.2,-0.57,33.401027,-97.570027
"CLBJ",1.506,4.8,3.2,-0.77,33.401027,-97.570027
"CLBJ",1.507,4.8,3.2,-1.07,33.401027,-97.570027
"CLBJ",1.508,4.8,3.2,-1.37,33.401027,-97.570027
"CLBJ",1.509,4.8,3.2,-1.97,33.401027,-97.570027
"CLBJ",2.501,4.85,3.12,-0.02,33.400765,-97.569946
"CLBJ",2.502,4.85,3.12,-0.06,33.400765,-97.569946
"CLBJ",2.503,4.85,3.12,-0.16,33.400765,-97.569946
"CLBJ",2.504,4.85,3.12,-0.26,33.400765,-97.569946
"CLBJ",2.505,4.85,3.12,-0.56,33.400765,-97.569946
"CLBJ",2.506,4.85,3.12,-0.76,33.400765,-97.569946
"CLBJ",2.507,4.85,3.12,-1.06,33.400765,-97.569946
"CLBJ",2.508,4.85,3.12,-1.36,33.400765,-97.569946
"CLBJ",2.509,4.85,3.12,-1.96,33.400765,-97.569946
"CLBJ",3.501,4.75,3.36,-0.02,33.400504,-97.569866
"CLBJ",3.502,4.75,3.36,-0.06,33.400504,-97.569866
"CLBJ",3.503,4.75,3.36,-0.16,33.400504,-97.569866
"CLBJ",3.504,4.75,3.36,-0.26,33.400504,-97.569866
"CLBJ",3.505,4.75,3.36,-0.56,33.400504,-97.569866
"CLBJ",3.506,4.75,3.36,-0.76,33.400504,-97.569866
"CLBJ",3.507,4.75,3.36,-1.06,33.400504,-97.569866
"CLBJ",3.508,4.75,3.36,-1.36,33.400504,-97.569866
"CLBJ",3.509,4.75,3.36,-1.96,33.400504,-97.569866
"CLBJ",4.501,4.8,3.04,-0.02,33.400242,-97.569785
"CLBJ",4.502,4.8,3.04,-0.06,33.400242,-97.569785
"CLBJ",4.503,4.8,3.04,-0.16,33.400242,-97.569785
"CLBJ",4.504,4.8,3.04,-0.26,33.400242,-97.569785
"CLBJ",4.505,4.8,3.04,-0.56,33.400242,-97.569785
"CLBJ",4.506,4.8,3.04,-0.76,33.400242,-97.569785
"CLBJ",4.507,4.8,3.04,-1.06,33.400242,-97.569785
"CLBJ",4.508,4.8,3.04,-1.36,33.400242,-97.569785
"CLBJ",4.509,4.8,3.04,-1.96,33.400242,-97.569785
"CLBJ",5.501,4.86,3.13,-0.02,33.39998,-97.569704
"CLBJ",5.502,4.86,3.13,-0.06,33.39998,-97.569704
"CLBJ",5.503,4.86,3.13,-0.16,33.39998,-97.569704
"CLBJ",5.504,4.86,3.13,-0.26,33.39998,-97.569704
"CLBJ",5.505,4.86,3.13,-0.56,33.39998,-97.569704
"CLBJ",5.506,4.86,3.13,-0.76,33.39998,-97.569704
"CLBJ",5.507,4.86,3.13,-1.06,33.39998,-97.569704
"CLBJ",5.508,4.86,3.13,-1.36,33.39998,-97.569704
"CLBJ",5.509,4.86,3.13,-1.96,33.39998,-97.569704
"OAES",1.501,4.75,2.7,-0.02,35.410371,-99.058774
"OAES",1.502,4.75,2.7,-0.06,35.410371,-99.058774
"OAES",1.503,4.75,2.7,-0.16,35.410371,-99.058774
"OAES",1.504,4.75,2.7,-0.26,35.410371,-99.058774
"OAES",1.505,4.75,2.7,-0.36,35.410371,-99.058774
"OAES",2.501,4.82,2.68,-0.02,35.409981,-99.058641
"OAES",2.502,4.82,2.68,-0.06,35.409981,-99.058641
"OAES",2.503,4.82,2.68,-0.16,35.409981,-99.058641
"OAES",2.504,4.82,2.68,-0.26,35.409981,-99.058641
"OAES",2.505,4.82,2.68,-0.36,35.409981,-99.058641
"OAES",3.501,4.8,2.7,-0.02,35.40959,-99.058507
"OAES",3.502,4.8,2.7,-0.06,35.40959,-99.058507
"OAES",3.503,4.8,2.7,-0.16,35.40959,-99.058507
"OAES",3.504,4.8,2.7,-0.26,35.40959,-99.058507
"OAES",3.505,4.8,2.7,-0.36,35.40959,-99.058507
"OAES",4.501,4.83,2.7,-0.02,35.4092,-99.058374
"OAES",4.502,4.83,2.7,-0.06,35.4092,-99.058374
"OAES",4.503,4.83,2.7,-0.16,35.4092,-99.058374
"OAES",4.504,4.83,2.7,-0.26,35.4092,-99.058374
"OAES",4.505,4.83,2.7,-0.36,35.4092,-99.058374
"OAES",5.501,4.84,2.68,-0.02,NA,NA
"OAES",5.502,4.84,2.68,-0.06,NA,NA
"OAES",5.503,4.84,2.68,-0.16,NA,NA
"OAES",5.504,4.84,2.68,-0.26,NA,NA
"OAES",5.505,4.84,2.68,-0.36,NA,NA
"MOAB",1.501,2.66,0.2,-0.03,38.248202,-109.388458
"MOAB",1.502,2.66,0.2,-0.07,38.248202,-109.388458
"MOAB",1.503,2.66,0.2,-0.17,38.248202,-109.388458
"MOAB",1.504,2.66,0.2,-0.27,38.248202,-109.388458
"MOAB",1.505,2.66,0.2,-0.37,38.248202,-109.388458
"MOAB",1.506,2.66,0.2,-0.67,38.248202,-109.388458
"MOAB",1.507,2.66,0.2,-0.97,38.248202,-109.388458
"MOAB",1.508,2.66,0.2,-1.47,38.248202,-109.388458
"MOAB",1.509,2.66,0.2,-1.97,38.248202,-109.388458
"MOAB",2.501,2.64,0.15,-0.02,38.24808,-109.388912
"MOAB",2.502,2.64,0.15,-0.06,38.24808,-109.388912
"MOAB",2.503,2.64,0.15,-0.16,38.24808,-109.388912
"MOAB",2.504,2.64,0.15,-0.26,38.24808,-109.388912
"MOAB",2.505,2.64,0.15,-0.36,38.24808,-109.388912
"MOAB",2.506,2.64,0.15,-0.66,38.24808,-109.388912
"MOAB",2.507,2.64,0.15,-0.96,38.24808,-109.388912
"MOAB",2.508,2.64,0.15,-1.46,38.24808,-109.388912
"MOAB",2.509,2.64,0.15,-1.96,38.24808,-109.388912
"MOAB",3.501,2.68,0.15,-0.03,38.24808,-109.388912
"MOAB",3.502,2.68,0.15,-0.07,38.24808,-109.388912
"MOAB",3.503,2.68,0.15,-0.17,38.24808,-109.388912
"MOAB",3.504,2.68,0.15,-0.27,38.24808,-109.388912
"MOAB",3.505,2.68,0.15,-0.37,38.24808,-109.388912
"MOAB",3.506,2.68,0.15,-0.67,38.24808,-109.388912
"MOAB",3.507,2.68,0.15,-0.97,38.24808,-109.388912
"MOAB",3.508,2.68,0.15,-1.47,38.24808,-109.388912
"MOAB",3.509,2.68,0.15,-1.97,38.24808,-109.388912
"MOAB",4.501,2.67,0.16,-0.03,38.247838,-109.389821
"MOAB",4.502,2.67,0.16,-0.07,38.247838,-109.389821
"MOAB",4.503,2.67,0.16,-0.17,38.247838,-109.389821
"MOAB",4.504,2.67,0.16,-0.27,38.247838,-109.389821
"MOAB",4.505,2.67,0.16,-0.37,38.247838,-109.389821
"MOAB",4.506,2.67,0.16,-0.67,38.247838,-109.389821
"MOAB",4.507,2.67,0.16,-0.97,38.247838,-109.389821
"MOAB",4.508,2.67,0.16,-1.47,38.247838,-109.389821
"MOAB",4.509,2.67,0.16,-1.97,38.247838,-109.389821
"MOAB",5.501,2.65,0.17,-0.02,38.247716,-109.390276
"MOAB",5.502,2.65,0.17,-0.06,38.247716,-109.390276
"MOAB",5.503,2.65,0.17,-0.16,38.247716,-109.390276
"MOAB",5.504,2.65,0.17,-0.26,38.247716,-109.390276
"MOAB",5.505,2.65,0.17,-0.36,38.247716,-109.390276
"MOAB",5.506,2.65,0.17,-0.66,38.247716,-109.390276
"MOAB",5.507,2.65,0.17,-0.96,38.247716,-109.390276
"MOAB",5.508,2.65,0.17,-1.46,38.247716,-109.390276
"MOAB",5.509,2.65,0.17,-1.96,38.247716,-109.390276
"NIWO",1.501,3.05,4.8,-0.02,40.054169,-105.582539
"NIWO",1.502,3.05,4.8,-0.06,40.054169,-105.582539
"NIWO",1.503,3.05,4.8,-0.16,40.054169,-105.582539
"NIWO",1.504,3.05,4.8,-0.26,40.054169,-105.582539
"NIWO",1.505,3.05,4.8,-0.36,40.054169,-105.582539
"NIWO",1.506,3.05,4.8,-0.66,40.054169,-105.582539
"NIWO",1.507,3.05,4.8,-0.96,40.054169,-105.582539
"NIWO",1.508,3.05,4.8,-1.46,40.054169,-105.582539
"NIWO",1.509,3.05,4.8,-1.56,40.054169,-105.582539
"NIWO",2.501,3.15,4.9,-0.02,40.053897,-105.582745
"NIWO",2.502,3.15,4.9,-0.06,40.053897,-105.582745
"NIWO",2.503,3.15,4.9,-0.16,40.053897,-105.582745
"NIWO",2.504,3.15,4.9,-0.26,40.053897,-105.582745
"NIWO",2.505,3.15,4.9,-0.36,40.053897,-105.582745
"NIWO",2.506,3.15,4.9,-0.66,40.053897,-105.582745
"NIWO",2.507,3.15,4.9,-0.96,40.053897,-105.582745
"NIWO",2.508,3.15,4.9,-1.46,40.053897,-105.582745
"NIWO",2.509,3.15,4.9,-1.96,40.053897,-105.582745
"NIWO",3.501,3.12,4.85,-0.03,40.053445,-105.583015
"NIWO",3.502,3.12,4.85,-0.07,40.053445,-105.583015
"NIWO",3.503,3.12,4.85,-0.17,40.053445,-105.583015
"NIWO",3.504,3.12,4.85,-0.27,40.053445,-105.583015
"NIWO",3.505,3.12,4.85,-0.37,40.053445,-105.583015
"NIWO",3.506,3.12,4.85,-0.67,40.053445,-105.583015
"NIWO",3.507,3.12,4.85,-0.97,40.053445,-105.583015
"NIWO",3.508,3.12,4.85,-1.47,40.053445,-105.583015
"NIWO",3.509,3.12,4.85,-1.97,40.053445,-105.583015
"NIWO",4.501,3.15,4.75,-0.03,40.053233,-105.583241
"NIWO",4.502,3.15,4.75,-0.07,40.053233,-105.583241
"NIWO",4.503,3.15,4.75,-0.17,40.053233,-105.583241
"NIWO",4.504,3.15,4.75,-0.27,40.053233,-105.583241
"NIWO",4.505,3.15,4.75,-0.37,40.053233,-105.583241
"NIWO",4.506,3.15,4.75,-0.67,40.053233,-105.583241
"NIWO",4.507,3.15,4.75,-0.97,40.053233,-105.583241
"NIWO",4.508,3.15,4.75,-1.47,40.053233,-105.583241
"NIWO",4.509,3.15,4.75,-1.57,40.053233,-105.583241
"NIWO",5.501,3.18,4.93,-0.02,40.053022,-105.583467
"NIWO",5.502,3.18,4.93,-0.06,40.053022,-105.583467
"NIWO",5.503,3.18,4.93,-0.16,40.053022,-105.583467
"NIWO",5.504,3.18,4.93,-0.26,40.053022,-105.583467
"NIWO",5.505,3.18,4.93,-0.36,40.053022,-105.583467
"NIWO",5.506,3.18,4.93,-0.66,40.053022,-105.583467
"NIWO",5.507,3.18,4.93,-0.96,40.053022,-105.583467
"NIWO",5.508,3.18,4.93,-1.46,40.053022,-105.583467
"NIWO",5.509,3.18,4.93,-1.96,40.053022,-105.583467
"JORN",1.501,2.67,4.77,-0.02,32.590564,-106.8429
"JORN",1.502,2.67,4.77,-0.06,32.590564,-106.8429
"JORN",1.503,2.67,4.77,-0.16,32.590564,-106.8429
"JORN",1.504,2.67,4.77,-0.26,32.590564,-106.8429
"JORN",1.505,2.67,4.77,-0.56,32.590564,-106.8429
"JORN",1.506,2.67,4.77,-0.96,32.590564,-106.8429
"JORN",1.507,2.67,4.77,-1.26,32.590564,-106.8429
"JORN",1.508,2.67,4.77,-1.56,32.590564,-106.8429
"JORN",1.509,2.67,4.77,-1.96,32.590564,-106.8429
"JORN",2.501,2.88,3.7,-0.02,32.590158,-106.842756
"JORN",2.502,2.88,3.7,-0.06,32.590158,-106.842756
"JORN",2.503,2.88,3.7,-0.16,32.590158,-106.842756
"JORN",2.504,2.88,3.7,-0.26,32.590158,-106.842756
"JORN",2.505,2.88,3.7,-0.56,32.590158,-106.842756
"JORN",2.506,2.88,3.7,-0.96,32.590158,-106.842756
"JORN",2.507,2.88,3.7,-1.26,32.590158,-106.842756
"JORN",2.508,2.88,3.7,-1.56,32.590158,-106.842756
"JORN",2.509,2.88,3.7,-1.96,32.590158,-106.842756
"JORN",3.501,2.74,0.21,-0.02,32.589778,-106.842917
"JORN",3.502,2.74,0.21,-0.06,32.589778,-106.842917
"JORN",3.503,2.74,0.21,-0.16,32.589778,-106.842917
"JORN",3.504,2.74,0.21,-0.26,32.589778,-106.842917
"JORN",3.505,2.74,0.21,-0.56,32.589778,-106.842917
"JORN",3.506,2.74,0.21,-0.96,32.589778,-106.842917
"JORN",3.507,2.74,0.21,-1.26,32.589778,-106.842917
"JORN",3.508,2.74,0.21,-1.56,32.589778,-106.842917
"JORN",3.509,2.74,0.21,-1.96,32.589778,-106.842917
"JORN",4.501,2.67,0.24,-0.02,32.589394,-106.843078
"JORN",4.502,2.67,0.24,-0.06,32.589394,-106.843078
"JORN",4.503,2.67,0.24,-0.16,32.589394,-106.843078
"JORN",4.504,2.67,0.24,-0.26,32.589394,-106.843078
"JORN",4.505,2.67,0.24,-0.56,32.589394,-106.843078
"JORN",4.506,2.67,0.24,-0.96,32.589394,-106.843078
"JORN",4.507,2.67,0.24,-1.26,32.589394,-106.843078
"JORN",4.508,2.67,0.24,-1.56,32.589394,-106.843078
"JORN",4.509,2.67,0.24,-1.96,32.589394,-106.843078
"JORN",5.501,2.76,0.16,-0.02,32.588986,-106.84315
"JORN",5.502,2.76,0.16,-0.06,32.588986,-106.84315
"JORN",5.503,2.76,0.16,-0.16,32.588986,-106.84315
"JORN",5.504,2.76,0.16,-0.26,32.588986,-106.84315
"JORN",5.505,2.76,0.16,-0.56,32.588986,-106.84315
"JORN",5.506,2.76,0.16,-0.96,32.588986,-106.84315
"JORN",5.507,2.76,0.16,-1.26,32.588986,-106.84315
"JORN",5.508,2.76,0.16,-1.56,32.588986,-106.84315
"JORN",5.509,2.76,0.16,-1.96,32.588986,-106.84315
"SRER",1.501,0.97,2.7,-0.02,31.910625,-110.835332
"SRER",1.502,0.97,2.7,-0.06,31.910625,-110.835332
"SRER",1.503,0.97,2.7,-0.16,31.910625,-110.835332
"SRER",1.504,0.97,2.7,-0.26,31.910625,-110.835332
"SRER",1.505,0.97,2.7,-0.56,31.910625,-110.835332
"SRER",1.506,0.97,2.7,-0.96,31.910625,-110.835332
"SRER",1.507,0.97,2.7,-1.16,31.910625,-110.835332
"SRER",1.508,0.97,2.7,-1.56,31.910625,-110.835332
"SRER",1.509,0.97,2.7,-1.96,31.910625,-110.835332
"SRER",2.501,0.47,2.93,-0.02,31.910489,-110.835057
"SRER",2.502,0.47,2.93,-0.06,31.910489,-110.835057
"SRER",2.503,0.47,2.93,-0.16,31.910489,-110.835057
"SRER",2.504,0.47,2.93,-0.26,31.910489,-110.835057
"SRER",2.505,0.47,2.93,-0.56,31.910489,-110.835057
"SRER",2.506,0.47,2.93,-0.96,31.910489,-110.835057
"SRER",2.507,0.47,2.93,-1.16,31.910489,-110.835057
"SRER",2.508,0.47,2.93,-1.56,31.910489,-110.835057
"SRER",2.509,0.47,2.93,-1.96,31.910489,-110.835057
"SRER",3.501,1.33,3.32,-0.02,31.910353,-110.834783
"SRER",3.502,1.33,3.32,-0.06,31.910353,-110.834783
"SRER",3.503,1.33,3.32,-0.16,31.910353,-110.834783
"SRER",3.504,1.33,3.32,-0.26,31.910353,-110.834783
"SRER",3.505,1.33,3.32,-0.56,31.910353,-110.834783
"SRER",3.506,1.33,3.32,-0.96,31.910353,-110.834783
"SRER",3.507,1.33,3.32,-1.16,31.910353,-110.834783
"SRER",3.508,1.33,3.32,-1.56,31.910353,-110.834783
"SRER",3.509,1.33,3.32,-1.96,31.910353,-110.834783
"SRER",4.501,3.11,3.17,-0.02,31.910218,-110.834508
"SRER",4.502,3.11,3.17,-0.06,31.910218,-110.834508
"SRER",4.503,3.11,3.17,-0.16,31.910218,-110.834508
"SRER",4.504,3.11,3.17,-0.26,31.910218,-110.834508
"SRER",4.505,3.11,3.17,-0.56,31.910218,-110.834508
"SRER",4.506,3.11,3.17,-0.96,31.910218,-110.834508
"SRER",4.507,3.11,3.17,-1.16,31.910218,-110.834508
"SRER",4.508,3.11,3.17,-1.56,31.910218,-110.834508
"SRER",4.509,3.11,3.17,-1.96,31.910218,-110.834508
"SRER",5.501,0.57,2.46,-0.02,31.910082,-110.834234
"SRER",5.502,0.57,2.46,-0.06,31.910082,-110.834234
"SRER",5.503,0.57,2.46,-0.16,31.910082,-110.834234
"SRER",5.504,0.57,2.46,-0.26,31.910082,-110.834234
"SRER",5.505,0.57,2.46,-0.56,31.910082,-110.834234
"SRER",5.506,0.57,2.46,-0.96,31.910082,-110.834234
"SRER",5.507,0.57,2.46,-1.16,31.910082,-110.834234
"SRER",5.508,0.57,2.46,-1.56,31.910082,-110.834234
"SRER",5.509,0.57,2.46,-1.96,31.910082,-110.834234
"ONAQ",1.501,3.15,4.88,-0.02,40.177467,-112.452817
"ONAQ",1.502,3.15,4.88,-0.06,40.177467,-112.452817
"ONAQ",1.503,3.15,4.88,-0.16,40.177467,-112.452817
"ONAQ",1.504,3.15,4.88,-0.26,40.177467,-112.452817
"ONAQ",1.505,3.15,4.88,-0.46,40.177467,-112.452817
"ONAQ",1.506,3.15,4.88,-1.06,40.177467,-112.452817
"ONAQ",1.507,3.15,4.88,-1.66,40.177467,-112.452817
"ONAQ",1.508,3.15,4.88,-1.86,40.177467,-112.452817
"ONAQ",1.509,3.15,4.88,-1.96,40.177467,-112.452817
"ONAQ",2.501,3.16,0.12,-0.02,40.177046,-112.452778
"ONAQ",2.502,3.16,0.12,-0.06,40.177046,-112.452778
"ONAQ",2.503,3.16,0.12,-0.16,40.177046,-112.452778
"ONAQ",2.504,3.16,0.12,-0.26,40.177046,-112.452778
"ONAQ",2.505,3.16,0.12,-0.46,40.177046,-112.452778
"ONAQ",2.506,3.16,0.12,-1.06,40.177046,-112.452778
"ONAQ",2.507,3.16,0.12,-1.66,40.177046,-112.452778
"ONAQ",2.508,3.16,0.12,-1.86,40.177046,-112.452778
"ONAQ",2.509,3.16,0.12,-1.96,40.177046,-112.452778
"ONAQ",3.501,3.13,0.18,-0.02,40.176693,-112.453037
"ONAQ",3.502,3.13,0.18,-0.06,40.176693,-112.453037
"ONAQ",3.503,3.13,0.18,-0.16,40.176693,-112.453037
"ONAQ",3.504,3.13,0.18,-0.26,40.176693,-112.453037
"ONAQ",3.505,3.13,0.18,-0.46,40.176693,-112.453037
"ONAQ",3.506,3.13,0.18,-1.06,40.176693,-112.453037
"ONAQ",3.507,3.13,0.18,-1.66,40.176693,-112.453037
"ONAQ",3.508,3.13,0.18,-1.86,40.176693,-112.453037
"ONAQ",3.509,3.13,0.18,-1.96,40.176693,-112.453037
"ONAQ",4.501,3,0.12,-0.02,40.17634,-112.453296
"ONAQ",4.502,3,0.12,-0.06,40.17634,-112.453296
"ONAQ",4.503,3,0.12,-0.16,40.17634,-112.453296
"ONAQ",4.504,3,0.12,-0.26,40.17634,-112.453296
"ONAQ",4.505,3,0.12,-0.46,40.17634,-112.453296
"ONAQ",4.506,3,0.12,-1.06,40.17634,-112.453296
"ONAQ",4.507,3,0.12,-1.66,40.17634,-112.453296
"ONAQ",4.508,3,0.12,-1.86,40.17634,-112.453296
"ONAQ",4.509,3,0.12,-1.96,40.17634,-112.453296
"ONAQ",5.501,2.97,4.54,-0.02,40.175987,-112.453556
"ONAQ",5.502,2.97,4.54,-0.06,40.175987,-112.453556
"ONAQ",5.503,2.97,4.54,-0.16,40.175987,-112.453556
"ONAQ",5.504,2.97,4.54,-0.26,40.175987,-112.453556
"ONAQ",5.505,2.97,4.54,-0.36,40.175987,-112.453556
"ABBY",1.501,0.08,3,-0.03,45.761968,-122.330173
"ABBY",1.502,0.08,3,-0.07,45.761968,-122.330173
"ABBY",1.503,0.08,3,-0.17,45.761968,-122.330173
"ABBY",1.504,0.08,3,-0.27,45.761968,-122.330173
"ABBY",1.505,0.08,3,-0.37,45.761968,-122.330173
"ABBY",1.506,0.08,3,-0.57,45.761968,-122.330173
"ABBY",1.507,0.08,3,-0.87,45.761968,-122.330173
"ABBY",1.508,0.08,3,-1.17,45.761968,-122.330173
"ABBY",1.509,0.08,3,-1.97,45.761968,-122.330173
"ABBY",2.501,1.79,3.15,-0.03,45.761765,-122.329919
"ABBY",2.502,1.79,3.15,-0.07,45.761765,-122.329919
"ABBY",2.503,1.79,3.15,-0.17,45.761765,-122.329919
"ABBY",2.504,1.79,3.15,-0.27,45.761765,-122.329919
"ABBY",2.505,1.79,3.15,-0.37,45.761765,-122.329919
"ABBY",2.506,1.79,3.15,-0.57,45.761765,-122.329919
"ABBY",2.507,1.79,3.15,-0.87,45.761765,-122.329919
"ABBY",2.508,1.79,3.15,-1.17,45.761765,-122.329919
"ABBY",2.509,1.79,3.15,-1.97,45.761765,-122.329919
"ABBY",3.501,0.19,3.14,-0.02,45.761533,-122.329712
"ABBY",3.502,0.19,3.14,-0.06,45.761533,-122.329712
"ABBY",3.503,0.19,3.14,-0.16,45.761533,-122.329712
"ABBY",3.504,0.19,3.14,-0.26,45.761533,-122.329712
"ABBY",3.505,0.19,3.14,-0.36,45.761533,-122.329712
"ABBY",3.506,0.19,3.14,-0.56,45.761533,-122.329712
"ABBY",3.507,0.19,3.14,-0.86,45.761533,-122.329712
"ABBY",3.508,0.19,3.14,-1.16,45.761533,-122.329712
"ABBY",3.509,0.19,3.14,-1.96,45.761533,-122.329712
"ABBY",4.501,4.42,2.94,-0.03,45.76136,-122.329409
"ABBY",4.502,4.42,2.94,-0.07,45.76136,-122.329409
"ABBY",4.503,4.42,2.94,-0.17,45.76136,-122.329409
"ABBY",4.504,4.42,2.94,-0.27,45.76136,-122.329409
"ABBY",4.505,4.42,2.94,-0.37,45.76136,-122.329409
"ABBY",4.506,4.42,2.94,-0.57,45.76136,-122.329409
"ABBY",4.507,4.42,2.94,-0.87,45.76136,-122.329409
"ABBY",4.508,4.42,2.94,-1.17,45.76136,-122.329409
"ABBY",4.509,4.42,2.94,-1.97,45.76136,-122.329409
"ABBY",5.501,4.78,3.35,-0.02,45.76131,-122.328906
"ABBY",5.502,4.78,3.35,-0.06,45.76131,-122.328906
"ABBY",5.503,4.78,3.35,-0.16,45.76131,-122.328906
"ABBY",5.504,4.78,3.35,-0.26,45.76131,-122.328906
"ABBY",5.505,4.78,3.35,-0.36,45.76131,-122.328906
"ABBY",5.506,4.78,3.35,-0.56,45.76131,-122.328906
"ABBY",5.507,4.78,3.35,-0.86,45.76131,-122.328906
"ABBY",5.508,4.78,3.35,-1.16,45.76131,-122.328906
"ABBY",5.509,4.78,3.35,-1.96,45.76131,-122.328906
"WREF",1.501,0.58,2.97,-0.02,45.821103,-121.95285
"WREF",1.502,0.58,2.97,-0.06,45.821103,-121.95285
"WREF",1.503,0.58,2.97,-0.16,45.821103,-121.95285
"WREF",1.504,0.58,2.97,-0.26,45.821103,-121.95285
"WREF",1.505,0.58,2.97,-0.56,45.821103,-121.95285
"WREF",1.506,0.58,2.97,-0.86,45.821103,-121.95285
"WREF",1.507,0.58,2.97,-1.16,45.821103,-121.95285
"WREF",1.508,0.58,2.97,-1.66,45.821103,-121.95285
"WREF",1.509,0.58,2.97,-1.96,45.821103,-121.95285
"WREF",2.501,0.57,3.46,-0.01,45.821308,-121.953106
"WREF",2.502,0.57,3.46,-0.05,45.821308,-121.953106
"WREF",2.503,0.57,3.46,-0.15,45.821308,-121.953106
"WREF",2.504,0.57,3.46,-0.25,45.821308,-121.953106
"WREF",2.505,0.57,3.46,-0.55,45.821308,-121.953106
"WREF",2.506,0.57,3.46,-0.85,45.821308,-121.953106
"WREF",2.507,0.57,3.46,-1.15,45.821308,-121.953106
"WREF",2.508,0.57,3.46,-1.65,45.821308,-121.953106
"WREF",2.509,0.57,3.46,-1.95,45.821308,-121.953106
"WREF",3.501,0.13,3.01,-0.02,45.821511,-121.953361
"WREF",3.502,0.13,3.01,-0.06,45.821511,-121.953361
"WREF",3.503,0.13,3.01,-0.16,45.821511,-121.953361
"WREF",3.504,0.13,3.01,-0.26,45.821511,-121.953361
"WREF",3.505,0.13,3.01,-0.56,45.821511,-121.953361
"WREF",3.506,0.13,3.01,-0.86,45.821511,-121.953361
"WREF",3.507,0.13,3.01,-1.16,45.821511,-121.953361
"WREF",3.508,0.13,3.01,-1.66,45.821511,-121.953361
"WREF",3.509,0.13,3.01,-1.96,45.821511,-121.953361
"WREF",4.501,0.16,3.1,-0.02,45.821725,-121.953597
"WREF",4.502,0.16,3.1,-0.06,45.821725,-121.953597
"WREF",4.503,0.16,3.1,-0.16,45.821725,-121.953597
"WREF",4.504,0.16,3.1,-0.26,45.821725,-121.953597
"WREF",4.505,0.16,3.1,-0.56,45.821725,-121.953597
"WREF",4.506,0.16,3.1,-0.86,45.821725,-121.953597
"WREF",4.507,0.16,3.1,-1.16,45.821725,-121.953597
"WREF",4.508,0.16,3.1,-1.66,45.821725,-121.953597
"WREF",4.509,0.16,3.1,-1.96,45.821725,-121.953597
"WREF",5.501,0.14,3.02,-0.02,45.821919,-121.953867
"WREF",5.502,0.14,3.02,-0.06,45.821919,-121.953867
"WREF",5.503,0.14,3.02,-0.16,45.821919,-121.953867
"WREF",5.504,0.14,3.02,-0.26,45.821919,-121.953867
"WREF",5.505,0.14,3.02,-0.56,45.821919,-121.953867
"WREF",5.506,0.14,3.02,-0.86,45.821919,-121.953867
"WREF",5.507,0.14,3.02,-1.16,45.821919,-121.953867
"WREF",5.508,0.14,3.02,-1.66,45.821919,-121.953867
"WREF",5.509,0.14,3.02,-1.96,45.821919,-121.953867
"SJER",1.501,3.94,3.09,-0.02,37.108922,-119.7324
"SJER",1.502,3.94,3.09,-0.06,37.108922,-119.7324
"SJER",1.503,3.94,3.09,-0.16,37.108922,-119.7324
"SJER",1.504,0,0,0,NA,NA
"SJER",1.505,0,0,0,NA,NA
"SJER",1.506,0,0,0,NA,NA
"SJER",1.507,0,0,0,NA,NA
"SJER",1.508,0,0,0,NA,NA
"SJER",1.509,0,0,0,NA,NA
"SJER",2.501,0.34,2.86,-0.02,37.109211,-119.732303
"SJER",2.502,0.34,2.86,-0.06,37.109211,-119.732303
"SJER",2.503,0.34,2.86,-0.16,37.109211,-119.732303
"SJER",2.504,0.34,2.86,-0.26,37.109211,-119.732303
"SJER",2.505,0.34,2.86,-0.46,37.109211,-119.732303
"SJER",2.506,0.34,2.86,-0.66,37.109211,-119.732303
"SJER",2.507,0.34,2.86,-0.96,37.109211,-119.732303
"SJER",2.508,0.34,2.86,-1.16,37.109211,-119.732303
"SJER",2.509,0.34,2.86,-1.66,37.109211,-119.732303
"SJER",3.501,0.23,3.15,-0.02,37.1095,-119.732758
"SJER",3.502,0.23,3.15,-0.06,37.1095,-119.732758
"SJER",3.503,0.23,3.15,-0.16,37.1095,-119.732758
"SJER",3.504,0.23,3.15,-0.26,37.1095,-119.732758
"SJER",3.505,0.23,3.15,-0.46,37.1095,-119.732758
"SJER",3.506,0.23,3.15,-0.66,37.1095,-119.732758
"SJER",3.507,0.23,3.15,-0.96,37.1095,-119.732758
"SJER",3.508,0.23,3.15,-1.16,37.1095,-119.732758
"SJER",3.509,0.23,3.15,-1.66,37.1095,-119.732758
"SJER",4.501,3.17,3.44,-0.03,37.109731,-119.732508
"SJER",4.502,3.17,3.44,-0.07,37.109731,-119.732508
"SJER",4.503,3.17,3.44,-0.17,37.109731,-119.732508
"SJER",4.504,3.17,3.44,-0.27,37.109731,-119.732508
"SJER",4.505,3.17,3.44,-0.47,37.109731,-119.732508
"SJER",4.506,3.17,3.44,-0.67,37.109731,-119.732508
"SJER",4.507,3.17,3.44,-0.97,37.109731,-119.732508
"SJER",4.508,3.17,3.44,-1.17,37.109731,-119.732508
"SJER",4.509,3.17,3.44,-1.67,37.109731,-119.732508
"SJER",5.501,4.85,3.17,-0.02,37.110017,-119.732569
"SJER",5.502,4.85,3.17,-0.06,37.110017,-119.732569
"SJER",5.503,4.85,3.17,-0.16,37.110017,-119.732569
"SJER",5.504,4.85,3.17,-0.26,37.110017,-119.732569
"SJER",5.505,4.85,3.17,-0.46,37.110017,-119.732569
"SJER",5.506,4.85,3.17,-0.66,37.110017,-119.732569
"SJER",5.507,4.85,3.17,-0.96,37.110017,-119.732569
"SJER",5.508,4.85,3.17,-1.16,37.110017,-119.732569
"SJER",5.509,4.85,3.17,-1.66,37.110017,-119.732569
"SOAP",1.501,3.15,4.85,-0.03,37.033431,-119.262003
"SOAP",1.502,3.15,4.85,-0.07,37.033431,-119.262003
"SOAP",1.503,3.15,4.85,-0.17,37.033431,-119.262003
"SOAP",1.504,3.15,4.85,-0.27,37.033431,-119.262003
"SOAP",1.505,3.15,4.85,-0.47,37.033431,-119.262003
"SOAP",1.506,3.15,4.85,-0.77,37.033431,-119.262003
"SOAP",1.507,3.15,4.85,-1.17,37.033431,-119.262003
"SOAP",1.508,3.15,4.85,-1.57,37.033431,-119.262003
"SOAP",1.509,3.15,4.85,-1.97,37.033431,-119.262003
"SOAP",2.501,3.15,4.83,-0.02,37.033478,-119.261669
"SOAP",2.502,3.15,4.83,-0.06,37.033478,-119.261669
"SOAP",2.503,3.15,4.83,-0.16,37.033478,-119.261669
"SOAP",2.504,3.15,4.83,-0.26,37.033478,-119.261669
"SOAP",2.505,3.15,4.83,-0.46,37.033478,-119.261669
"SOAP",2.506,3.15,4.83,-0.76,37.033478,-119.261669
"SOAP",2.507,3.15,4.83,-1.16,37.033478,-119.261669
"SOAP",2.508,3.15,4.83,-1.56,37.033478,-119.261669
"SOAP",2.509,3.15,4.83,-1.96,37.033478,-119.261669
"SOAP",3.501,3.15,4.84,-0.03,37.033528,-119.261339
"SOAP",3.502,3.15,4.84,-0.07,37.033528,-119.261339
"SOAP",3.503,3.15,4.84,-0.17,37.033528,-119.261339
"SOAP",3.504,3.15,4.84,-0.27,37.033528,-119.261339
"SOAP",3.505,3.15,4.84,-0.47,37.033528,-119.261339
"SOAP",3.506,3.15,4.84,-0.77,37.033528,-119.261339
"SOAP",3.507,3.15,4.84,-1.17,37.033528,-119.261339
"SOAP",3.508,3.15,4.84,-1.57,37.033528,-119.261339
"SOAP",3.509,3.15,4.84,-1.97,37.033528,-119.261339
"SOAP",4.501,3.15,4.85,-0.03,37.033592,-119.261011
"SOAP",4.502,3.15,4.85,-0.07,37.033592,-119.261011
"SOAP",4.503,3.15,4.85,-0.17,37.033592,-119.261011
"SOAP",4.504,3.15,4.85,-0.27,37.033592,-119.261011
"SOAP",4.505,3.15,4.85,-0.47,37.033592,-119.261011
"SOAP",4.506,3.15,4.85,-0.77,37.033592,-119.261011
"SOAP",4.507,3.15,4.85,-1.17,37.033592,-119.261011
"SOAP",4.508,3.15,4.85,-1.57,37.033592,-119.261011
"SOAP",4.509,3.15,4.85,-1.97,37.033592,-119.261011
"SOAP",5.501,3.15,4.8,-0.02,37.033586,-119.260608
"SOAP",5.502,3.15,4.8,-0.06,37.033586,-119.260608
"SOAP",5.503,3.15,4.8,-0.16,37.033586,-119.260608
"SOAP",5.504,3.15,4.8,-0.26,37.033586,-119.260608
"SOAP",5.505,3.15,4.8,-0.46,37.033586,-119.260608
"SOAP",5.506,3.15,4.8,-0.76,37.033586,-119.260608
"SOAP",5.507,3.15,4.8,-1.16,37.033586,-119.260608
"SOAP",5.508,3.15,4.8,-1.56,37.033586,-119.260608
"SOAP",5.509,3.15,4.8,-1.96,37.033586,-119.260608
"BARR",1.501,0.11,2.6,-0.02,71.282347,-156.618856
"BARR",1.502,0.11,2.6,-0.06,71.282347,-156.618856
"BARR",1.503,0.11,2.6,-0.16,71.282347,-156.618856
"BARR",1.504,0.11,2.6,-0.26,71.282347,-156.618856
"BARR",1.505,0.11,2.6,-0.36,71.282347,-156.618856
"BARR",1.506,0.11,2.6,-0.56,71.282347,-156.618856
"BARR",1.507,0.11,2.6,-0.86,71.282347,-156.618856
"BARR",1.508,0.11,2.6,-1.36,71.282347,-156.618856
"BARR",1.509,0.11,2.6,-1.76,71.282347,-156.618856
"BARR",2.501,0.19,3.17,-0.02,71.281891,-156.617702
"BARR",2.502,0.19,3.17,-0.06,71.281891,-156.617702
"BARR",2.503,0.19,3.17,-0.16,71.281891,-156.617702
"BARR",2.504,0.19,3.17,-0.26,71.281891,-156.617702
"BARR",2.505,0.19,3.17,-0.36,71.281891,-156.617702
"BARR",2.506,0.19,3.17,-0.56,71.281891,-156.617702
"BARR",2.507,0.19,3.17,-0.86,71.281891,-156.617702
"BARR",2.508,0.19,3.17,-1.36,71.281891,-156.617702
"BARR",2.509,0.19,3.17,-2.26,71.281891,-156.617702
"BARR",3.501,4.87,2.9,-0.01,71.282112,-156.616576
"BARR",3.502,4.87,2.9,-0.05,71.282112,-156.616576
"BARR",3.503,4.87,2.9,-0.15,71.282112,-156.616576
"BARR",3.504,4.87,2.9,-0.25,71.282112,-156.616576
"BARR",3.505,4.87,2.9,-0.35,71.282112,-156.616576
"BARR",3.506,4.87,2.9,-0.55,71.282112,-156.616576
"BARR",3.507,4.87,2.9,-0.85,71.282112,-156.616576
"BARR",3.508,4.87,2.9,-1.35,71.282112,-156.616576
"BARR",3.509,4.87,2.9,-1.75,71.282112,-156.616576
"BARR",4.501,4.74,2.98,-0.02,71.282065,-156.615317
"BARR",4.502,4.74,2.98,-0.06,71.282065,-156.615317
"BARR",4.503,4.74,2.98,-0.16,71.282065,-156.615317
"BARR",4.504,4.74,2.98,-0.26,71.282065,-156.615317
"BARR",4.505,4.74,2.98,-0.36,71.282065,-156.615317
"BARR",4.506,4.74,2.98,-0.56,71.282065,-156.615317
"BARR",4.507,4.74,2.98,-0.86,71.282065,-156.615317
"BARR",4.508,4.74,2.98,-1.36,71.282065,-156.615317
"BARR",4.509,4.74,2.98,-1.96,71.282065,-156.615317
"BARR",5.501,4.72,2.11,-0.02,71.28201,-156.613803
"BARR",5.502,4.72,2.11,-0.06,71.28201,-156.613803
"BARR",5.503,4.72,2.11,-0.16,71.28201,-156.613803
"BARR",5.504,4.72,2.11,-0.26,71.28201,-156.613803
"BARR",5.505,4.72,2.11,-0.36,71.28201,-156.613803
"BARR",5.506,4.72,2.11,-0.56,71.28201,-156.613803
"BARR",5.507,4.72,2.11,-0.86,71.28201,-156.613803
"BARR",5.508,4.72,2.11,-1.36,71.28201,-156.613803
"BARR",5.509,4.72,2.11,-1.86,71.28201,-156.613803
"TOOL",1.501,4.85,2.62,-0.02,68.660853,-149.369689
"TOOL",1.502,4.85,2.62,-0.06,68.660853,-149.369689
"TOOL",1.503,4.85,2.62,-0.16,68.660853,-149.369689
"TOOL",2.501,0.46,2.84,-0.02,68.660664,-149.370236
"TOOL",2.501,0.46,2.84,0.09,68.660664,-149.370236
"TOOL",2.501,0.46,2.84,0.05,68.660664,-149.370236
"TOOL",2.502,0.46,2.84,-0.06,68.660664,-149.370236
"TOOL",2.502,0.46,2.84,0.05,68.660664,-149.370236
"TOOL",2.502,0.46,2.84,0.01,68.660664,-149.370236
"TOOL",2.503,0.46,2.84,-0.16,68.660664,-149.370236
"TOOL",2.503,0.46,2.84,-0.05,68.660664,-149.370236
"TOOL",2.503,0.46,2.84,-0.09,68.660664,-149.370236
"TOOL",2.504,0.46,2.84,-0.26,68.660664,-149.370236
"TOOL",2.504,0.46,2.84,-0.15,68.660664,-149.370236
"TOOL",2.504,0.46,2.84,-0.19,68.660664,-149.370236
"TOOL",2.505,0.46,2.84,-0.36,68.660664,-149.370236
"TOOL",2.505,0.46,2.84,-0.25,68.660664,-149.370236
"TOOL",2.505,0.46,2.84,-0.29,68.660664,-149.370236
"TOOL",2.506,0.46,2.84,-0.46,68.660664,-149.370236
"TOOL",2.506,0.46,2.84,-0.35,68.660664,-149.370236
"TOOL",2.506,0.46,2.84,-0.39,68.660664,-149.370236
"TOOL",2.507,0.46,2.84,-0.56,68.660664,-149.370236
"TOOL",2.507,0.46,2.84,-0.45,68.660664,-149.370236
"TOOL",2.507,0.46,2.84,-0.49,68.660664,-149.370236
"TOOL",3.501,0.2,2.65,-0.02,68.660406,-149.370053
"TOOL",3.502,0.2,2.65,-0.06,68.660406,-149.370053
"TOOL",3.503,0.2,2.65,-0.16,68.660406,-149.370053
"TOOL",3.504,0.2,2.65,-0.26,68.660406,-149.370053
"TOOL",3.505,0.2,2.65,-0.36,68.660406,-149.370053
"TOOL",3.506,0.2,2.65,-0.46,68.660406,-149.370053
"TOOL",3.507,0.2,2.65,-0.56,68.660406,-149.370053
"TOOL",4.501,0.2,2.97,-0.02,68.660144,-149.369867
"TOOL",4.502,0.2,2.97,-0.06,68.660144,-149.369867
"TOOL",4.503,0.2,2.97,-0.16,68.660144,-149.369867
"TOOL",4.504,0.2,2.97,-0.26,68.660144,-149.369867
"TOOL",4.505,0.2,2.97,-0.36,68.660144,-149.369867
"TOOL",4.506,0.2,2.97,-0.46,68.660144,-149.369867
"TOOL",4.507,0.2,2.97,-0.56,68.660144,-149.369867
"TOOL",5.501,1.1,2.78,-0.02,68.659881,-149.369683
"TOOL",5.502,1.1,2.78,-0.06,68.659881,-149.369683
"BONA",1.501,3.2,0.11,-0.02,65.153992,-147.502961
"BONA",1.502,3.2,0.11,-0.06,65.153992,-147.502961
"BONA",1.503,3.2,0.11,-0.16,65.153992,-147.502961
"BONA",1.504,3.2,0.11,-0.26,65.153992,-147.502961
"BONA",1.505,3.2,0.11,-0.46,65.153992,-147.502961
"BONA",1.506,3.2,0.11,-0.76,65.153992,-147.502961
"BONA",1.507,3.2,0.11,-1.06,65.153992,-147.502961
"BONA",1.508,3.2,0.11,-1.56,65.153992,-147.502961
"BONA",1.509,3.2,0.11,-1.86,65.153992,-147.502961
"BONA",2.501,2.6,0.16,-0.01,65.153894,-147.503556
"BONA",2.502,2.6,0.16,-0.05,65.153894,-147.503556
"BONA",2.503,2.6,0.16,-0.15,65.153894,-147.503556
"BONA",2.504,2.6,0.16,-0.25,65.153894,-147.503556
"BONA",2.505,2.6,0.16,-0.45,65.153894,-147.503556
"BONA",2.506,2.6,0.16,-0.75,65.153894,-147.503556
"BONA",2.507,2.6,0.16,-1.05,65.153894,-147.503556
"BONA",2.508,2.6,0.16,-1.55,65.153894,-147.503556
"BONA",2.509,2.6,0.16,-1.85,65.153894,-147.503556
"BONA",3.501,2.6,0.16,-0.02,65.153794,-147.504153
"BONA",3.502,2.6,0.16,-0.06,65.153794,-147.504153
"BONA",3.503,2.6,0.16,-0.16,65.153794,-147.504153
"BONA",3.504,2.6,0.16,-0.26,65.153794,-147.504153
"BONA",3.505,2.6,0.16,-0.46,65.153794,-147.504153
"BONA",3.506,2.6,0.16,-0.76,65.153794,-147.504153
"BONA",3.507,2.6,0.16,-1.06,65.153794,-147.504153
"BONA",3.508,2.6,0.16,-1.56,65.153794,-147.504153
"BONA",3.509,2.6,0.16,-1.86,65.153794,-147.504153
"BONA",4.501,2.7,0.23,-0.02,65.153697,-147.504747
"BONA",4.502,2.7,0.23,-0.06,65.153697,-147.504747
"BONA",4.503,2.7,0.23,-0.16,65.153697,-147.504747
"BONA",4.504,2.7,0.23,-0.26,65.153697,-147.504747
"BONA",4.505,2.7,0.23,-0.46,65.153697,-147.504747
"BONA",4.506,2.7,0.23,-0.76,65.153697,-147.504747
"BONA",4.507,2.7,0.23,-1.06,65.153697,-147.504747
"BONA",4.508,2.7,0.23,-1.56,65.153697,-147.504747
"BONA",4.509,2.7,0.23,-1.96,65.153697,-147.504747
"BONA",5.501,2.6,0.18,-0.03,65.153611,-147.505353
"BONA",5.502,2.6,0.18,-0.07,65.153611,-147.505353
"BONA",5.503,2.6,0.18,-0.17,65.153611,-147.505353
"BONA",5.504,2.6,0.18,-0.27,65.153611,-147.505353
"BONA",5.505,2.6,0.18,-0.47,65.153611,-147.505353
"BONA",5.506,2.6,0.18,-0.77,65.153611,-147.505353
"BONA",5.507,2.6,0.18,-1.07,65.153611,-147.505353
"BONA",5.508,2.6,0.18,-1.57,65.153611,-147.505353
"BONA",5.509,2.6,0.18,-2.07,65.153611,-147.505353
"DEJU",1.501,4.78,2.82,-0.02,63.881278,-145.750606
"DEJU",1.502,4.78,2.82,-0.06,63.881278,-145.750606
"DEJU",1.503,4.78,2.82,-0.16,63.881278,-145.750606
"DEJU",1.504,4.78,2.82,-0.26,63.881278,-145.750606
"DEJU",1.505,4.78,2.82,-0.36,63.881278,-145.750606
"DEJU",1.506,4.78,2.82,-0.46,63.881278,-145.750606
"DEJU",1.507,4.78,2.82,-0.56,63.881278,-145.750606
"DEJU",1.508,4.78,2.82,-0.66,63.881278,-145.750606
"DEJU",1.509,4.78,2.82,-0.86,63.881278,-145.750606
"DEJU",2.501,0.54,2.87,-0.02,63.880883,-145.750261
"DEJU",2.502,0.54,2.87,-0.06,63.880883,-145.750261
"DEJU",2.503,0.54,2.87,-0.16,63.880883,-145.750261
"DEJU",2.504,0.54,2.87,-0.26,63.880883,-145.750261
"DEJU",2.505,0.54,2.87,-0.36,63.880883,-145.750261
"DEJU",2.506,0.54,2.87,-0.46,63.880883,-145.750261
"DEJU",2.507,0.54,2.87,-0.56,63.880883,-145.750261
"DEJU",2.508,0.54,2.87,-0.66,63.880883,-145.750261
"DEJU",3.501,0.14,2.44,-0.02,63.880653,-145.749511
"DEJU",3.502,0.14,2.44,-0.06,63.880653,-145.749511
"DEJU",3.503,0.14,2.44,-0.16,63.880653,-145.749511
"DEJU",3.504,0.14,2.44,-0.26,63.880653,-145.749511
"DEJU",3.505,0.14,2.44,-0.36,63.880653,-145.749511
"DEJU",3.506,0.14,2.44,-0.46,63.880653,-145.749511
"DEJU",3.507,0.14,2.44,-0.56,63.880653,-145.749511
"DEJU",4.501,1.27,3.1,-0.03,63.880417,-145.748764
"DEJU",4.502,1.27,3.1,-0.07,63.880417,-145.748764
"DEJU",4.503,1.27,3.1,-0.17,63.880417,-145.748764
"DEJU",4.504,1.27,3.1,-0.27,63.880417,-145.748764
"DEJU",4.505,1.27,3.1,-0.37,63.880417,-145.748764
"DEJU",4.506,1.27,3.1,-0.47,63.880417,-145.748764
"DEJU",4.507,1.27,3.1,-0.57,63.880417,-145.748764
"DEJU",5.501,0.55,2.79,-0.02,63.880186,-145.748017
"DEJU",5.502,0.55,2.79,-0.06,63.880186,-145.748017
"DEJU",5.503,0.55,2.79,-0.16,63.880186,-145.748017
"DEJU",5.504,0.55,2.79,-0.26,63.880186,-145.748017
"DEJU",5.505,0.55,2.79,-0.36,63.880186,-145.748017
"DEJU",5.506,0.55,2.79,-0.46,63.880186,-145.748017
"HEAL",1.501,2.67,0.19,-0.03,63.875538,-149.213615
"HEAL",1.501,2.67,0.19,0.24,63.875538,-149.213615
"HEAL",1.502,2.67,0.19,-0.07,63.875538,-149.213615
"HEAL",1.502,2.67,0.19,0.2,63.875538,-149.213615
"HEAL",1.503,2.67,0.19,-0.17,63.875538,-149.213615
"HEAL",1.503,2.67,0.19,0.1,63.875538,-149.213615
"HEAL",1.504,2.67,0.19,-0.27,63.875538,-149.213615
"HEAL",1.504,2.67,0.19,0,63.875538,-149.213615
"HEAL",1.505,2.67,0.19,-0.37,63.875538,-149.213615
"HEAL",1.505,2.67,0.19,-0.1,63.875538,-149.213615
"HEAL",1.506,2.67,0.19,-0.47,63.875538,-149.213615
"HEAL",1.506,2.67,0.19,-0.2,63.875538,-149.213615
"HEAL",1.507,2.67,0.19,-0.67,63.875538,-149.213615
"HEAL",1.507,2.67,0.19,-0.4,63.875538,-149.213615
"HEAL",1.508,2.67,0.19,-0.97,63.875538,-149.213615
"HEAL",1.508,2.67,0.19,-0.7,63.875538,-149.213615
"HEAL",1.509,2.67,0.19,-1.57,63.875538,-149.213615
"HEAL",1.509,2.67,0.19,-1.3,63.875538,-149.213615
"HEAL",2.501,3.22,0.11,-0.02,63.875256,-149.214271
"HEAL",2.501,3.22,0.11,0.21,63.875256,-149.214271
"HEAL",2.502,3.22,0.11,-0.06,63.875256,-149.214271
"HEAL",2.502,3.22,0.11,0.17,63.875256,-149.214271
"HEAL",2.503,3.22,0.11,-0.16,63.875256,-149.214271
"HEAL",2.503,3.22,0.11,0.07,63.875256,-149.214271
"HEAL",2.504,3.22,0.11,-0.26,63.875256,-149.214271
"HEAL",2.504,3.22,0.11,-0.03,63.875256,-149.214271
"HEAL",2.505,3.22,0.11,-0.36,63.875256,-149.214271
"HEAL",2.505,3.22,0.11,-0.13,63.875256,-149.214271
"HEAL",2.506,3.22,0.11,-0.46,63.875256,-149.214271
"HEAL",2.506,3.22,0.11,-0.23,63.875256,-149.214271
"HEAL",2.507,3.22,0.11,-0.66,63.875256,-149.214271
"HEAL",2.507,3.22,0.11,-0.43,63.875256,-149.214271
"HEAL",2.508,3.22,0.11,-0.96,63.875256,-149.214271
"HEAL",2.508,3.22,0.11,-0.73,63.875256,-149.214271
"HEAL",2.509,3.22,0.11,-1.36,63.875256,-149.214271
"HEAL",2.509,3.22,0.11,-1.13,63.875256,-149.214271
"HEAL",3.501,3.18,0.15,-0.02,63.874974,-149.214926
"HEAL",3.501,3.18,0.15,0.21,63.874974,-149.214926
"HEAL",3.502,3.18,0.15,-0.06,63.874974,-149.214926
"HEAL",3.502,3.18,0.15,0.17,63.874974,-149.214926
"HEAL",3.503,3.18,0.15,-0.16,63.874974,-149.214926
"HEAL",3.503,3.18,0.15,0.07,63.874974,-149.214926
"HEAL",3.504,3.18,0.15,-0.26,63.874974,-149.214926
"HEAL",3.504,3.18,0.15,-0.03,63.874974,-149.214926
"HEAL",3.505,3.18,0.15,-0.36,63.874974,-149.214926
"HEAL",3.505,3.18,0.15,-0.13,63.874974,-149.214926
"HEAL",3.506,3.18,0.15,-0.46,63.874974,-149.214926
"HEAL",3.506,3.18,0.15,-0.23,63.874974,-149.214926
"HEAL",3.507,3.18,0.15,-0.66,63.874974,-149.214926
"HEAL",3.507,3.18,0.15,-0.43,63.874974,-149.214926
"HEAL",3.508,3.18,0.15,-0.96,63.874974,-149.214926
"HEAL",3.508,3.18,0.15,-0.73,63.874974,-149.214926
"HEAL",3.509,3.18,0.15,-1.26,63.874974,-149.214926
"HEAL",3.509,3.18,0.15,-1.03,63.874974,-149.214926
"HEAL",4.501,3.09,0.07,-0.02,63.874692,-149.215581
"HEAL",4.501,3.09,0.07,0.28,63.874692,-149.215581
"HEAL",4.502,3.09,0.07,-0.06,63.874692,-149.215581
"HEAL",4.502,3.09,0.07,0.24,63.874692,-149.215581
"HEAL",4.503,3.09,0.07,-0.16,63.874692,-149.215581
"HEAL",4.503,3.09,0.07,0.14,63.874692,-149.215581
"HEAL",4.504,3.09,0.07,-0.26,63.874692,-149.215581
"HEAL",4.504,3.09,0.07,0.04,63.874692,-149.215581
"HEAL",4.505,3.09,0.07,-0.36,63.874692,-149.215581
"HEAL",4.505,3.09,0.07,-0.06,63.874692,-149.215581
"HEAL",4.506,3.09,0.07,-0.46,63.874692,-149.215581
"HEAL",4.506,3.09,0.07,-0.16,63.874692,-149.215581
"HEAL",4.507,3.09,0.07,-0.66,63.874692,-149.215581
"HEAL",4.507,3.09,0.07,-0.36,63.874692,-149.215581
"HEAL",4.508,3.09,0.07,-0.96,63.874692,-149.215581
"HEAL",4.508,3.09,0.07,-0.66,63.874692,-149.215581
"HEAL",4.509,3.09,0.07,-1.66,63.874692,-149.215581
"HEAL",4.509,3.09,0.07,-1.36,63.874692,-149.215581
"HEAL",5.501,3.1,0.98,-0.02,63.87441,-149.216237
"HEAL",5.501,3.1,0.98,0.25,63.87441,-149.216237
"HEAL",5.502,3.1,0.98,-0.06,63.87441,-149.216237
"HEAL",5.502,3.1,0.98,0.21,63.87441,-149.216237
"HEAL",5.503,3.1,0.98,-0.16,63.87441,-149.216237
"HEAL",5.503,3.1,0.98,0.11,63.87441,-149.216237
"HEAL",5.504,3.1,0.98,-0.26,63.87441,-149.216237
"HEAL",5.504,3.1,0.98,0.01,63.87441,-149.216237
"HEAL",5.505,3.1,0.98,-0.36,63.87441,-149.216237
"HEAL",5.505,3.1,0.98,-0.09,63.87441,-149.216237
"HEAL",5.506,3.1,0.98,-0.46,63.87441,-149.216237
"HEAL",5.506,3.1,0.98,-0.19,63.87441,-149.216237
"HEAL",5.507,3.1,0.98,-0.66,63.87441,-149.216237
"HEAL",5.507,3.1,0.98,-0.39,63.87441,-149.216237
"HEAL",5.508,3.1,0.98,-0.96,63.87441,-149.216237
"HEAL",5.508,3.1,0.98,-0.69,63.87441,-149.216237
"HEAL",5.509,3.1,0.98,-1.26,63.87441,-149.216237
"HEAL",5.509,3.1,0.98,-0.99,63.87441,-149.216237
